<?xml version = '1.0' encoding = 'UTF-8'?>
<Entity class="oracle.dbtools.crest.model.design.logical.Entity" directorySegmentName="seg_0" id="2C778496-9D39-2E1F-EAC9-763C099E0407" name="T_CFH_METAS">
<createdBy>Eduardo</createdBy>
<createdTime>2020-06-19 20:12:07 UTC</createdTime>
<ownerDesignName>Atividade</ownerDesignName>
<engineerTo>
<item key="415BD0C9-8BE5-DD81-56D9-9C74AECF3D01" value="true"/>
</engineerTo>
<adequatelyNormalized>NO</adequatelyNormalized>
<expectedVolumes>0</expectedVolumes>
<fwdEngineeringStrategyName>Single Table</fwdEngineeringStrategyName>
<growthPercent>0</growthPercent>
<growthType>Year</growthType>
<maxVolumes>9999999</maxVolumes>
<minVolumes>0</minVolumes>
<normalForm>Third</normalForm>
<attributes itemClass="oracle.dbtools.crest.model.design.logical.Attribute">
<Attribute name="id_meta" id="A0658A8D-9840-FA95-A25B-9CFCB8D8ECD7">
<createdBy>Eduardo</createdBy>
<createdTime>2020-06-19 20:12:34 UTC</createdTime>
<ownerDesignName>Atividade</ownerDesignName>
<engineerTo>
<item key="415BD0C9-8BE5-DD81-56D9-9C74AECF3D01" value="true"/>
</engineerTo>
<useDomainConstraints>false</useDomainConstraints>
<use>1</use>
<logicalDatatype>LOGDT019</logicalDatatype>
<dataTypePrecision>5</dataTypePrecision>
<ownDataTypeParameters>,5,</ownDataTypeParameters>
</Attribute>
<Attribute name="id_colaborador" id="F8BFA22C-73D6-C499-874A-5408BB1B7D86">
<createdBy>Eduardo</createdBy>
<createdTime>2020-06-19 20:18:13 UTC</createdTime>
<generatorID>1213508F-D4C9-A4ED-F556-799F0BC87D4B</generatorID>
<ownerDesignName>Atividade</ownerDesignName>
<engineerTo>
<item key="415BD0C9-8BE5-DD81-56D9-9C74AECF3D01" value="true"/>
</engineerTo>
<referedAttribute>F973D6E9-BE0E-7042-A954-583BB0E92143</referedAttribute>
<useDomainConstraints>false</useDomainConstraints>
<use>1</use>
<logicalDatatype>LOGDT019</logicalDatatype>
<dataTypePrecision>4</dataTypePrecision>
<ownDataTypeParameters>,4,</ownDataTypeParameters>
</Attribute>
<Attribute name="dt_inicio" id="25B4B82B-D65E-2EA7-5DFE-B198C1A957DD">
<createdBy>Eduardo</createdBy>
<createdTime>2020-06-19 20:12:56 UTC</createdTime>
<ownerDesignName>Atividade</ownerDesignName>
<engineerTo>
<item key="415BD0C9-8BE5-DD81-56D9-9C74AECF3D01" value="true"/>
</engineerTo>
<useDomainConstraints>false</useDomainConstraints>
<use>1</use>
<logicalDatatype>LOGDT007</logicalDatatype>
<ownDataTypeParameters>,,</ownDataTypeParameters>
</Attribute>
<Attribute name="ds_meta" id="9EEB9A3A-E428-C50C-A40B-C763A6CCB554">
<createdBy>Eduardo</createdBy>
<createdTime>2020-06-19 20:13:33 UTC</createdTime>
<ownerDesignName>Atividade</ownerDesignName>
<engineerTo>
<item key="415BD0C9-8BE5-DD81-56D9-9C74AECF3D01" value="true"/>
</engineerTo>
<useDomainConstraints>false</useDomainConstraints>
<use>1</use>
<logicalDatatype>LOGDT024</logicalDatatype>
<dataTypeSize>60</dataTypeSize>
<ownDataTypeParameters>60,,</ownDataTypeParameters>
</Attribute>
<Attribute name="dt_conclusao" id="552205FB-2BC1-D3A3-9F16-BFF8B3EA5963">
<createdBy>Eduardo</createdBy>
<createdTime>2020-06-19 20:13:58 UTC</createdTime>
<ownerDesignName>Atividade</ownerDesignName>
<engineerTo>
<item key="415BD0C9-8BE5-DD81-56D9-9C74AECF3D01" value="true"/>
</engineerTo>
<useDomainConstraints>false</useDomainConstraints>
<use>1</use>
<logicalDatatype>LOGDT007</logicalDatatype>
<ownDataTypeParameters>,,</ownDataTypeParameters>
</Attribute>
</attributes>
<identifiers itemClass="oracle.dbtools.crest.model.design.logical.CandidateKey">
<identifier id="FF129866-6D3D-C8B4-B519-C9A93621F11A" name="T_CFH_METAS PK">
<createdBy>Eduardo</createdBy>
<createdTime>2020-06-19 20:12:52 UTC</createdTime>
<ownerDesignName>Atividade</ownerDesignName>
<engineerTo>
<item key="415BD0C9-8BE5-DD81-56D9-9C74AECF3D01" value="true"/>
</engineerTo>
<pk>true</pk>
<usedAttributes>
<attributeRef>A0658A8D-9840-FA95-A25B-9CFCB8D8ECD7</attributeRef>
<attributeRef>F8BFA22C-73D6-C499-874A-5408BB1B7D86</attributeRef>
</usedAttributes>
</identifier>
</identifiers>
</Entity>
