<?xml version = '1.0' encoding = 'UTF-8'?>
<Entity class="oracle.dbtools.crest.model.design.logical.Entity" directorySegmentName="seg_0" id="30A53A49-37D5-3CFB-DA06-303B9A266F6A" name="T_CFH_ENDERECO">
<createdBy>User</createdBy>
<createdTime>2020-06-22 14:15:07 UTC</createdTime>
<ownerDesignName>Atividade</ownerDesignName>
<engineerTo>
<item key="415BD0C9-8BE5-DD81-56D9-9C74AECF3D01" value="true"/>
</engineerTo>
<adequatelyNormalized>NO</adequatelyNormalized>
<expectedVolumes>0</expectedVolumes>
<fwdEngineeringStrategyName>Single Table</fwdEngineeringStrategyName>
<growthPercent>0</growthPercent>
<growthType>Year</growthType>
<maxVolumes>9999999</maxVolumes>
<minVolumes>0</minVolumes>
<normalForm>Third</normalForm>
<attributes itemClass="oracle.dbtools.crest.model.design.logical.Attribute">
<Attribute name="id_endereco" id="326964A5-30B4-3229-9D9C-A9FA3BCBF452">
<createdBy>User</createdBy>
<createdTime>2020-06-22 14:15:20 UTC</createdTime>
<ownerDesignName>Atividade</ownerDesignName>
<engineerTo>
<item key="415BD0C9-8BE5-DD81-56D9-9C74AECF3D01" value="true"/>
</engineerTo>
<useDomainConstraints>false</useDomainConstraints>
<use>1</use>
<logicalDatatype>LOGDT019</logicalDatatype>
<dataTypePrecision>5</dataTypePrecision>
<ownDataTypeParameters>,5,</ownDataTypeParameters>
</Attribute>
<Attribute name="id_tipo_logradouro" id="EDAF5201-7871-96FA-8F2F-51E62B3C8EB4">
<createdBy>User</createdBy>
<createdTime>2020-06-22 14:26:07 UTC</createdTime>
<generatorID>F9C4D83B-3978-B6A4-A0DE-42BC964E9399</generatorID>
<ownerDesignName>Atividade</ownerDesignName>
<engineerTo>
<item key="415BD0C9-8BE5-DD81-56D9-9C74AECF3D01" value="true"/>
</engineerTo>
<referedAttribute>6657A91D-B6EF-9149-20B4-BFA813BA7016</referedAttribute>
<useDomainConstraints>false</useDomainConstraints>
<use>1</use>
<logicalDatatype>LOGDT019</logicalDatatype>
<dataTypePrecision>2</dataTypePrecision>
<ownDataTypeParameters>,2,</ownDataTypeParameters>
</Attribute>
<Attribute name="id_usuario" id="D6A39A94-44C6-01C0-D0B0-5F4ED00D5817">
<createdBy>User</createdBy>
<createdTime>2020-06-22 15:11:11 UTC</createdTime>
<generatorID>589180A6-2B83-BA44-9051-432DCAB8E601</generatorID>
<ownerDesignName>Atividade</ownerDesignName>
<engineerTo>
<item key="415BD0C9-8BE5-DD81-56D9-9C74AECF3D01" value="true"/>
</engineerTo>
<referedAttribute>418F66CE-0703-E764-B18C-1B71C57EF26E</referedAttribute>
<useDomainConstraints>false</useDomainConstraints>
<use>1</use>
<logicalDatatype>LOGDT019</logicalDatatype>
<dataTypePrecision>5</dataTypePrecision>
<ownDataTypeParameters>,,</ownDataTypeParameters>
</Attribute>
<Attribute name="id_bairro" id="FBBF2C60-8F4C-5701-EFC9-58C6B1D66F77">
<createdBy>User</createdBy>
<createdTime>2020-06-22 14:24:39 UTC</createdTime>
<generatorID>E6A772E1-27BC-95B8-A634-976CDA74670B</generatorID>
<ownerDesignName>Atividade</ownerDesignName>
<engineerTo>
<item key="415BD0C9-8BE5-DD81-56D9-9C74AECF3D01" value="true"/>
</engineerTo>
<referedAttribute>35A4F557-6912-047F-F5C9-E79B8076C40E</referedAttribute>
<useDomainConstraints>false</useDomainConstraints>
<use>1</use>
<logicalDatatype>LOGDT019</logicalDatatype>
<dataTypePrecision>5</dataTypePrecision>
<ownDataTypeParameters>,5,</ownDataTypeParameters>
</Attribute>
<Attribute name="ds_logradouro" id="7334D2DF-7F8E-02F7-7F07-78AAB5A2D504">
<createdBy>User</createdBy>
<createdTime>2020-06-22 14:15:40 UTC</createdTime>
<ownerDesignName>Atividade</ownerDesignName>
<engineerTo>
<item key="415BD0C9-8BE5-DD81-56D9-9C74AECF3D01" value="true"/>
</engineerTo>
<useDomainConstraints>false</useDomainConstraints>
<use>1</use>
<logicalDatatype>LOGDT024</logicalDatatype>
<dataTypeSize>30</dataTypeSize>
<ownDataTypeParameters>30,,</ownDataTypeParameters>
</Attribute>
<Attribute name="nr_logradouro" id="8AC6B56D-F13A-3A72-62C7-1BFADBDC767F">
<createdBy>User</createdBy>
<createdTime>2020-06-22 14:16:15 UTC</createdTime>
<ownerDesignName>Atividade</ownerDesignName>
<engineerTo>
<item key="415BD0C9-8BE5-DD81-56D9-9C74AECF3D01" value="true"/>
</engineerTo>
<useDomainConstraints>false</useDomainConstraints>
<use>1</use>
<logicalDatatype>LOGDT019</logicalDatatype>
<dataTypePrecision>4</dataTypePrecision>
<ownDataTypeParameters>,4,</ownDataTypeParameters>
</Attribute>
<Attribute name="ds_cep" id="15A5E244-0626-48FB-E5C4-2BC5AC7333D2">
<createdBy>User</createdBy>
<createdTime>2020-06-22 14:15:57 UTC</createdTime>
<ownerDesignName>Atividade</ownerDesignName>
<engineerTo>
<item key="415BD0C9-8BE5-DD81-56D9-9C74AECF3D01" value="true"/>
</engineerTo>
<useDomainConstraints>false</useDomainConstraints>
<use>1</use>
<logicalDatatype>LOGDT019</logicalDatatype>
<dataTypePrecision>8</dataTypePrecision>
<ownDataTypeParameters>,8,</ownDataTypeParameters>
</Attribute>
</attributes>
<identifiers itemClass="oracle.dbtools.crest.model.design.logical.CandidateKey">
<identifier id="75270CE5-8723-4BFE-5F7F-1CD59AF1B1C9" name="T_CFH_ENDERECO PK">
<createdBy>User</createdBy>
<createdTime>2020-06-22 14:17:59 UTC</createdTime>
<ownerDesignName>Atividade</ownerDesignName>
<engineerTo>
<item key="415BD0C9-8BE5-DD81-56D9-9C74AECF3D01" value="true"/>
</engineerTo>
<pk>true</pk>
<usedAttributes>
<attributeRef>326964A5-30B4-3229-9D9C-A9FA3BCBF452</attributeRef>
</usedAttributes>
</identifier>
</identifiers>
</Entity>
