<?xml version = '1.0' encoding = 'UTF-8'?>
<Entity class="oracle.dbtools.crest.model.design.logical.Entity" directorySegmentName="seg_0" id="483D1B3B-E333-C96F-BDC1-99CBAD0628D3" name="T_CFH_TIPO_COLABORADOR">
<createdBy>User</createdBy>
<createdTime>2020-06-22 13:22:39 UTC</createdTime>
<ownerDesignName>Atividade</ownerDesignName>
<engineerTo>
<item key="415BD0C9-8BE5-DD81-56D9-9C74AECF3D01" value="true"/>
</engineerTo>
<adequatelyNormalized>NO</adequatelyNormalized>
<expectedVolumes>0</expectedVolumes>
<fwdEngineeringStrategyName>Single Table</fwdEngineeringStrategyName>
<growthPercent>0</growthPercent>
<growthType>Year</growthType>
<maxVolumes>9999999</maxVolumes>
<minVolumes>0</minVolumes>
<normalForm>Third</normalForm>
<attributes itemClass="oracle.dbtools.crest.model.design.logical.Attribute">
<Attribute name="id_tipo_colaborador" id="0F80AD55-04B0-63A9-04EC-B0B44DD49313">
<createdBy>User</createdBy>
<createdTime>2020-06-22 13:23:12 UTC</createdTime>
<ownerDesignName>Atividade</ownerDesignName>
<engineerTo>
<item key="415BD0C9-8BE5-DD81-56D9-9C74AECF3D01" value="true"/>
</engineerTo>
<useDomainConstraints>false</useDomainConstraints>
<use>1</use>
<logicalDatatype>LOGDT019</logicalDatatype>
<dataTypePrecision>1</dataTypePrecision>
<ownDataTypeParameters>,1,</ownDataTypeParameters>
</Attribute>
<Attribute name="ds_tipo_colaborador" id="30FBB3FD-8626-62B3-D029-5BA2DCDD46A1">
<createdBy>User</createdBy>
<createdTime>2020-06-22 13:23:36 UTC</createdTime>
<comment><![CDATA[ADM - Administrador
USU - Usuário]]></comment>
<commentInRDBMS><![CDATA[ADM - Administrador
USU - Usuário]]></commentInRDBMS>
<ownerDesignName>Atividade</ownerDesignName>
<engineerTo>
<item key="415BD0C9-8BE5-DD81-56D9-9C74AECF3D01" value="true"/>
</engineerTo>
<useDomainConstraints>false</useDomainConstraints>
<use>1</use>
<logicalDatatype>LOGDT025</logicalDatatype>
<dataTypeSize>3</dataTypeSize>
<ownDataTypeParameters>3,,</ownDataTypeParameters>
</Attribute>
</attributes>
<identifiers itemClass="oracle.dbtools.crest.model.design.logical.CandidateKey">
<identifier id="5B704916-E451-DF73-868A-FC7CD2D1B466" name="T_CFH_TIPO_USUARIO PK">
<createdBy>User</createdBy>
<createdTime>2020-06-22 13:23:34 UTC</createdTime>
<ownerDesignName>Atividade</ownerDesignName>
<engineerTo>
<item key="415BD0C9-8BE5-DD81-56D9-9C74AECF3D01" value="true"/>
</engineerTo>
<pk>true</pk>
<usedAttributes>
<attributeRef>0F80AD55-04B0-63A9-04EC-B0B44DD49313</attributeRef>
</usedAttributes>
</identifier>
</identifiers>
</Entity>
