<?xml version = '1.0' encoding = 'UTF-8'?>
<Entity class="oracle.dbtools.crest.model.design.logical.Entity" directorySegmentName="seg_0" id="58C75557-3D72-12DE-D95B-DDBAB86E34E6" name="T_CFH_DOACAO_FOTO">
<createdBy>User</createdBy>
<createdTime>2020-06-22 16:03:31 UTC</createdTime>
<ownerDesignName>Atividade</ownerDesignName>
<engineerTo>
<item key="415BD0C9-8BE5-DD81-56D9-9C74AECF3D01" value="true"/>
</engineerTo>
<adequatelyNormalized>NO</adequatelyNormalized>
<expectedVolumes>0</expectedVolumes>
<fwdEngineeringStrategyName>Single Table</fwdEngineeringStrategyName>
<growthPercent>0</growthPercent>
<growthType>Year</growthType>
<maxVolumes>9999999</maxVolumes>
<minVolumes>0</minVolumes>
<normalForm>Third</normalForm>
<attributes itemClass="oracle.dbtools.crest.model.design.logical.Attribute">
<Attribute name="id_doacao_foto" id="321BDE37-5D9B-927F-FDAE-76D0B3D2A2A8">
<createdBy>User</createdBy>
<createdTime>2020-06-22 16:03:40 UTC</createdTime>
<ownerDesignName>Atividade</ownerDesignName>
<engineerTo>
<item key="415BD0C9-8BE5-DD81-56D9-9C74AECF3D01" value="true"/>
</engineerTo>
<useDomainConstraints>false</useDomainConstraints>
<use>1</use>
<logicalDatatype>LOGDT019</logicalDatatype>
<dataTypePrecision>7</dataTypePrecision>
<ownDataTypeParameters>,7,</ownDataTypeParameters>
</Attribute>
<Attribute name="id_doacao" id="B966BFC0-FC5D-87B2-D4DA-856918D73467">
<createdBy>User</createdBy>
<createdTime>2020-06-22 16:04:31 UTC</createdTime>
<generatorID>10809237-7BC7-CA0C-882D-43BC9358DD07</generatorID>
<ownerDesignName>Atividade</ownerDesignName>
<engineerTo>
<item key="415BD0C9-8BE5-DD81-56D9-9C74AECF3D01" value="true"/>
</engineerTo>
<nullsAllowed>true</nullsAllowed>
<referedAttribute>6506E6AA-D3D0-F68F-89A2-8C981A6DF594</referedAttribute>
<useDomainConstraints>false</useDomainConstraints>
<use>1</use>
<logicalDatatype>LOGDT019</logicalDatatype>
<dataTypePrecision>6</dataTypePrecision>
<ownDataTypeParameters>,,</ownDataTypeParameters>
</Attribute>
<Attribute name="im_foto" id="59AFB3F7-D81B-D84B-FDB6-A67AFD856DF8">
<createdBy>User</createdBy>
<createdTime>2020-06-22 16:04:06 UTC</createdTime>
<ownerDesignName>Atividade</ownerDesignName>
<engineerTo>
<item key="415BD0C9-8BE5-DD81-56D9-9C74AECF3D01" value="true"/>
</engineerTo>
<useDomainConstraints>false</useDomainConstraints>
<use>1</use>
<logicalDatatype>LOGDT010</logicalDatatype>
<ownDataTypeParameters>,,</ownDataTypeParameters>
</Attribute>
</attributes>
<identifiers itemClass="oracle.dbtools.crest.model.design.logical.CandidateKey">
<identifier id="7895655A-D7E9-79A8-8E64-06324C26407B" name="T_DOACAO_FOTO PK">
<createdBy>User</createdBy>
<createdTime>2020-06-22 16:04:05 UTC</createdTime>
<ownerDesignName>Atividade</ownerDesignName>
<engineerTo>
<item key="415BD0C9-8BE5-DD81-56D9-9C74AECF3D01" value="true"/>
</engineerTo>
<pk>true</pk>
<usedAttributes>
<attributeRef>321BDE37-5D9B-927F-FDAE-76D0B3D2A2A8</attributeRef>
</usedAttributes>
</identifier>
</identifiers>
</Entity>
