<?xml version = '1.0' encoding = 'UTF-8'?>
<Entity class="oracle.dbtools.crest.model.design.logical.Entity" directorySegmentName="seg_0" id="78DCFD93-45EC-4E23-BD79-3A2742222578" name="T_CFH_TIPO_RANKING">
<createdBy>Eduardo</createdBy>
<createdTime>2020-06-29 21:20:06 UTC</createdTime>
<ownerDesignName>Atividade</ownerDesignName>
<engineerTo>
<item key="415BD0C9-8BE5-DD81-56D9-9C74AECF3D01" value="true"/>
</engineerTo>
<adequatelyNormalized>NO</adequatelyNormalized>
<expectedVolumes>0</expectedVolumes>
<fwdEngineeringStrategyName>Single Table</fwdEngineeringStrategyName>
<growthPercent>0</growthPercent>
<growthType>Year</growthType>
<maxVolumes>9999999</maxVolumes>
<minVolumes>0</minVolumes>
<normalForm>Third</normalForm>
<attributes itemClass="oracle.dbtools.crest.model.design.logical.Attribute">
<Attribute name="id_tipo_ranking" id="6E3CCB76-D965-EEFA-03DB-272F8971CB92">
<createdBy>Eduardo</createdBy>
<createdTime>2020-06-29 21:20:27 UTC</createdTime>
<ownerDesignName>Atividade</ownerDesignName>
<engineerTo>
<item key="415BD0C9-8BE5-DD81-56D9-9C74AECF3D01" value="true"/>
</engineerTo>
<useDomainConstraints>false</useDomainConstraints>
<use>1</use>
<logicalDatatype>LOGDT019</logicalDatatype>
<dataTypePrecision>2</dataTypePrecision>
<ownDataTypeParameters>,2,</ownDataTypeParameters>
</Attribute>
<Attribute name="ds_ranking" id="E5D9AB1F-9772-8FBF-76BC-74DF4D223AEF">
<createdBy>Eduardo</createdBy>
<createdTime>2020-06-29 21:20:41 UTC</createdTime>
<ownerDesignName>Atividade</ownerDesignName>
<engineerTo>
<item key="415BD0C9-8BE5-DD81-56D9-9C74AECF3D01" value="true"/>
</engineerTo>
<useDomainConstraints>false</useDomainConstraints>
<use>1</use>
<logicalDatatype>LOGDT024</logicalDatatype>
<dataTypeSize>10</dataTypeSize>
<ownDataTypeParameters>10,,</ownDataTypeParameters>
</Attribute>
<Attribute name="nm_pontos" id="967142D9-E046-5A4B-CB82-311991755BBC">
<createdBy>Eduardo</createdBy>
<createdTime>2020-06-29 21:21:01 UTC</createdTime>
<ownerDesignName>Atividade</ownerDesignName>
<engineerTo>
<item key="415BD0C9-8BE5-DD81-56D9-9C74AECF3D01" value="true"/>
</engineerTo>
<useDomainConstraints>false</useDomainConstraints>
<use>1</use>
<logicalDatatype>LOGDT019</logicalDatatype>
<dataTypePrecision>5</dataTypePrecision>
<ownDataTypeParameters>,5,</ownDataTypeParameters>
</Attribute>
</attributes>
<identifiers itemClass="oracle.dbtools.crest.model.design.logical.CandidateKey">
<identifier id="DEF83D9D-C622-427F-B48A-19F7297B11C9" name="T_CFH_TIPO_RANKING PK">
<createdBy>Eduardo</createdBy>
<createdTime>2020-06-29 21:20:38 UTC</createdTime>
<ownerDesignName>Atividade</ownerDesignName>
<engineerTo>
<item key="415BD0C9-8BE5-DD81-56D9-9C74AECF3D01" value="true"/>
</engineerTo>
<pk>true</pk>
<usedAttributes>
<attributeRef>6E3CCB76-D965-EEFA-03DB-272F8971CB92</attributeRef>
</usedAttributes>
</identifier>
</identifiers>
</Entity>
