<?xml version = '1.0' encoding = 'UTF-8'?>
<Entity class="oracle.dbtools.crest.model.design.logical.Entity" directorySegmentName="seg_0" id="914C96DF-211F-CCCA-531F-EE43F58923F0" name="T_CFH_RANKING">
<createdBy>Eduardo</createdBy>
<createdTime>2020-06-29 21:07:11 UTC</createdTime>
<ownerDesignName>Atividade</ownerDesignName>
<engineerTo>
<item key="415BD0C9-8BE5-DD81-56D9-9C74AECF3D01" value="true"/>
</engineerTo>
<adequatelyNormalized>NO</adequatelyNormalized>
<expectedVolumes>0</expectedVolumes>
<fwdEngineeringStrategyName>Single Table</fwdEngineeringStrategyName>
<growthPercent>0</growthPercent>
<growthType>Year</growthType>
<maxVolumes>9999999</maxVolumes>
<minVolumes>0</minVolumes>
<normalForm>Third</normalForm>
<attributes itemClass="oracle.dbtools.crest.model.design.logical.Attribute">
<Attribute name="id_ranking" id="3945147F-20D1-88D3-F3D9-9E46728A5428">
<createdBy>Eduardo</createdBy>
<createdTime>2020-06-29 21:07:57 UTC</createdTime>
<ownerDesignName>Atividade</ownerDesignName>
<engineerTo>
<item key="415BD0C9-8BE5-DD81-56D9-9C74AECF3D01" value="true"/>
</engineerTo>
<useDomainConstraints>false</useDomainConstraints>
<use>1</use>
<logicalDatatype>LOGDT019</logicalDatatype>
<dataTypePrecision>3</dataTypePrecision>
<ownDataTypeParameters>,3,</ownDataTypeParameters>
</Attribute>
<Attribute name="id_tipo_ranking" id="1CE1B076-A168-1B2D-9B36-337BC37CDF7F">
<createdBy>Eduardo</createdBy>
<createdTime>2020-06-29 21:21:25 UTC</createdTime>
<generatorID>71BEF94D-1544-3966-D4D4-F93D79732B38</generatorID>
<ownerDesignName>Atividade</ownerDesignName>
<engineerTo>
<item key="415BD0C9-8BE5-DD81-56D9-9C74AECF3D01" value="true"/>
</engineerTo>
<referedAttribute>6E3CCB76-D965-EEFA-03DB-272F8971CB92</referedAttribute>
<useDomainConstraints>false</useDomainConstraints>
<use>1</use>
<logicalDatatype>LOGDT019</logicalDatatype>
<dataTypePrecision>2</dataTypePrecision>
<ownDataTypeParameters>,,</ownDataTypeParameters>
</Attribute>
<Attribute name="nm_pontuacao_atual" id="D3B312DA-0BCF-DD27-F739-C388074A4DB0">
<createdBy>Eduardo</createdBy>
<createdTime>2020-06-29 21:17:11 UTC</createdTime>
<ownerDesignName>Atividade</ownerDesignName>
<engineerTo>
<item key="415BD0C9-8BE5-DD81-56D9-9C74AECF3D01" value="true"/>
</engineerTo>
<nullsAllowed>true</nullsAllowed>
<useDomainConstraints>false</useDomainConstraints>
<use>1</use>
<logicalDatatype>LOGDT019</logicalDatatype>
<dataTypePrecision>5</dataTypePrecision>
<ownDataTypeParameters>,5,</ownDataTypeParameters>
</Attribute>
</attributes>
<identifiers itemClass="oracle.dbtools.crest.model.design.logical.CandidateKey">
<identifier id="8FE3A3F5-63C2-F4A0-DA0F-6DBD93A194D2" name="T_CFH_RANKING PK">
<createdBy>Eduardo</createdBy>
<createdTime>2020-06-29 21:10:32 UTC</createdTime>
<ownerDesignName>Atividade</ownerDesignName>
<engineerTo>
<item key="415BD0C9-8BE5-DD81-56D9-9C74AECF3D01" value="true"/>
</engineerTo>
<pk>true</pk>
<usedAttributes>
<attributeRef>3945147F-20D1-88D3-F3D9-9E46728A5428</attributeRef>
</usedAttributes>
</identifier>
</identifiers>
</Entity>
