<?xml version = '1.0' encoding = 'UTF-8'?>
<Entity class="oracle.dbtools.crest.model.design.logical.Entity" directorySegmentName="seg_0" id="9DE06799-A488-F55B-E045-824CAEDE276B" name="T_CFH_DOACAO">
<createdBy>User</createdBy>
<createdTime>2020-06-22 15:59:48 UTC</createdTime>
<ownerDesignName>Atividade</ownerDesignName>
<engineerTo>
<item key="415BD0C9-8BE5-DD81-56D9-9C74AECF3D01" value="true"/>
</engineerTo>
<adequatelyNormalized>NO</adequatelyNormalized>
<expectedVolumes>0</expectedVolumes>
<fwdEngineeringStrategyName>Single Table</fwdEngineeringStrategyName>
<growthPercent>0</growthPercent>
<growthType>Year</growthType>
<maxVolumes>9999999</maxVolumes>
<minVolumes>0</minVolumes>
<normalForm>Third</normalForm>
<attributes itemClass="oracle.dbtools.crest.model.design.logical.Attribute">
<Attribute name="id_doacao" id="6506E6AA-D3D0-F68F-89A2-8C981A6DF594">
<createdBy>User</createdBy>
<createdTime>2020-06-22 15:59:56 UTC</createdTime>
<ownerDesignName>Atividade</ownerDesignName>
<engineerTo>
<item key="415BD0C9-8BE5-DD81-56D9-9C74AECF3D01" value="true"/>
</engineerTo>
<useDomainConstraints>false</useDomainConstraints>
<use>1</use>
<logicalDatatype>LOGDT019</logicalDatatype>
<dataTypePrecision>6</dataTypePrecision>
<ownDataTypeParameters>,6,</ownDataTypeParameters>
</Attribute>
<Attribute name="id_usuario" id="BB4D9C0D-56A6-E505-9CBB-202DE682E18D">
<createdBy>User</createdBy>
<createdTime>2020-06-22 16:03:03 UTC</createdTime>
<generatorID>B08F2867-D056-9F7E-2BF3-227253D0F072</generatorID>
<ownerDesignName>Atividade</ownerDesignName>
<engineerTo>
<item key="415BD0C9-8BE5-DD81-56D9-9C74AECF3D01" value="true"/>
</engineerTo>
<referedAttribute>418F66CE-0703-E764-B18C-1B71C57EF26E</referedAttribute>
<useDomainConstraints>false</useDomainConstraints>
<use>1</use>
<logicalDatatype>LOGDT019</logicalDatatype>
<dataTypePrecision>5</dataTypePrecision>
<ownDataTypeParameters>,,</ownDataTypeParameters>
</Attribute>
<Attribute name="ds_doacaoa" id="CDC5C8C5-418F-2158-1B39-9315859EEEDC">
<createdBy>User</createdBy>
<createdTime>2020-06-22 16:00:24 UTC</createdTime>
<ownerDesignName>Atividade</ownerDesignName>
<engineerTo>
<item key="415BD0C9-8BE5-DD81-56D9-9C74AECF3D01" value="true"/>
</engineerTo>
<useDomainConstraints>false</useDomainConstraints>
<use>1</use>
<logicalDatatype>LOGDT024</logicalDatatype>
<dataTypeSize>30</dataTypeSize>
<ownDataTypeParameters>30,,</ownDataTypeParameters>
</Attribute>
<Attribute name="vl_aquisicao" id="086982CC-3CC8-F825-A6BC-74D32695D668">
<createdBy>User</createdBy>
<createdTime>2020-06-22 16:00:55 UTC</createdTime>
<comment><![CDATA[Qual o valor para que alguém possa comprar o item doado.]]></comment>
<commentInRDBMS><![CDATA[Qual o valor para que alguém possa comprar o item doado.]]></commentInRDBMS>
<ownerDesignName>Atividade</ownerDesignName>
<engineerTo>
<item key="415BD0C9-8BE5-DD81-56D9-9C74AECF3D01" value="true"/>
</engineerTo>
<nullsAllowed>true</nullsAllowed>
<useDomainConstraints>false</useDomainConstraints>
<use>1</use>
<logicalDatatype>LOGDT019</logicalDatatype>
<dataTypePrecision>7</dataTypePrecision>
<dataTypeScale>2</dataTypeScale>
<ownDataTypeParameters>,7,2</ownDataTypeParameters>
</Attribute>
</attributes>
<identifiers itemClass="oracle.dbtools.crest.model.design.logical.CandidateKey">
<identifier id="454A5D4B-C5D0-B444-8267-F57679F1CC27" name="T_DOACAO PK">
<createdBy>User</createdBy>
<createdTime>2020-06-22 16:00:23 UTC</createdTime>
<ownerDesignName>Atividade</ownerDesignName>
<engineerTo>
<item key="415BD0C9-8BE5-DD81-56D9-9C74AECF3D01" value="true"/>
</engineerTo>
<pk>true</pk>
<usedAttributes>
<attributeRef>6506E6AA-D3D0-F68F-89A2-8C981A6DF594</attributeRef>
</usedAttributes>
</identifier>
</identifiers>
</Entity>
