<?xml version = '1.0' encoding = 'UTF-8'?>
<Entity class="oracle.dbtools.crest.model.design.logical.Entity" directorySegmentName="seg_0" id="A6014A26-2FEC-A907-E1C3-D60D98C4ED2D" name="T_CFH_FOTO_USUARIO">
<createdBy>User</createdBy>
<createdTime>2020-06-22 15:12:58 UTC</createdTime>
<ownerDesignName>Atividade</ownerDesignName>
<engineerTo>
<item key="415BD0C9-8BE5-DD81-56D9-9C74AECF3D01" value="true"/>
</engineerTo>
<adequatelyNormalized>NO</adequatelyNormalized>
<expectedVolumes>0</expectedVolumes>
<fwdEngineeringStrategyName>Single Table</fwdEngineeringStrategyName>
<growthPercent>0</growthPercent>
<growthType>Year</growthType>
<maxVolumes>9999999</maxVolumes>
<minVolumes>0</minVolumes>
<normalForm>Third</normalForm>
<attributes itemClass="oracle.dbtools.crest.model.design.logical.Attribute">
<Attribute name="id_foto" id="2799DD92-C459-40BE-0A58-57F6C1DAA70F">
<createdBy>User</createdBy>
<createdTime>2020-06-22 15:13:07 UTC</createdTime>
<ownerDesignName>Atividade</ownerDesignName>
<engineerTo>
<item key="415BD0C9-8BE5-DD81-56D9-9C74AECF3D01" value="true"/>
</engineerTo>
<useDomainConstraints>false</useDomainConstraints>
<use>1</use>
<logicalDatatype>LOGDT019</logicalDatatype>
<dataTypePrecision>5</dataTypePrecision>
<ownDataTypeParameters>,5,</ownDataTypeParameters>
</Attribute>
<Attribute name="id_usuario" id="7660770A-8586-465D-5E6E-876B43B9A029">
<createdBy>User</createdBy>
<createdTime>2020-06-22 15:15:18 UTC</createdTime>
<generatorID>26A36D47-D95B-399B-B59A-C92E73B4B392</generatorID>
<ownerDesignName>Atividade</ownerDesignName>
<engineerTo>
<item key="415BD0C9-8BE5-DD81-56D9-9C74AECF3D01" value="true"/>
</engineerTo>
<referedAttribute>418F66CE-0703-E764-B18C-1B71C57EF26E</referedAttribute>
<useDomainConstraints>false</useDomainConstraints>
<use>1</use>
<logicalDatatype>LOGDT019</logicalDatatype>
<dataTypePrecision>5</dataTypePrecision>
<ownDataTypeParameters>,5,</ownDataTypeParameters>
</Attribute>
<Attribute name="im_foto" id="90A4F70A-1EE7-0FD1-0F08-EC6D959A9260">
<createdBy>User</createdBy>
<createdTime>2020-06-22 15:14:33 UTC</createdTime>
<comment><![CDATA[im = Imagem.]]></comment>
<commentInRDBMS><![CDATA[im = Imagem.]]></commentInRDBMS>
<ownerDesignName>Atividade</ownerDesignName>
<engineerTo>
<item key="415BD0C9-8BE5-DD81-56D9-9C74AECF3D01" value="true"/>
</engineerTo>
<useDomainConstraints>false</useDomainConstraints>
<use>1</use>
<logicalDatatype>LOGDT010</logicalDatatype>
<ownDataTypeParameters>,,</ownDataTypeParameters>
</Attribute>
</attributes>
<identifiers itemClass="oracle.dbtools.crest.model.design.logical.CandidateKey">
<identifier id="C8BF6D4D-CEF3-D1A0-0284-E46CDBCD388E" name="T_CFH_FOTO PK">
<createdBy>User</createdBy>
<createdTime>2020-06-22 15:13:23 UTC</createdTime>
<ownerDesignName>Atividade</ownerDesignName>
<engineerTo>
<item key="415BD0C9-8BE5-DD81-56D9-9C74AECF3D01" value="true"/>
</engineerTo>
<pk>true</pk>
<usedAttributes>
<attributeRef>2799DD92-C459-40BE-0A58-57F6C1DAA70F</attributeRef>
</usedAttributes>
</identifier>
</identifiers>
</Entity>
