<?xml version = '1.0' encoding = 'UTF-8'?>
<Entity class="oracle.dbtools.crest.model.design.logical.Entity" directorySegmentName="seg_0" id="E50612F1-89FF-76C6-4CB6-A4B70013D7E9" name="T_CFH_TIPO_RECEBIMENTO">
<createdBy>Eduardo</createdBy>
<createdTime>2020-06-30 20:46:00 UTC</createdTime>
<ownerDesignName>Atividade</ownerDesignName>
<engineerTo>
<item key="415BD0C9-8BE5-DD81-56D9-9C74AECF3D01" value="true"/>
</engineerTo>
<adequatelyNormalized>NO</adequatelyNormalized>
<expectedVolumes>0</expectedVolumes>
<fwdEngineeringStrategyName>Single Table</fwdEngineeringStrategyName>
<growthPercent>0</growthPercent>
<growthType>Year</growthType>
<maxVolumes>9999999</maxVolumes>
<minVolumes>0</minVolumes>
<normalForm>Third</normalForm>
<attributes itemClass="oracle.dbtools.crest.model.design.logical.Attribute">
<Attribute name="id_tipo_recebimento" id="36C2ECC4-16E7-9B8C-FEF4-5B755CFAB300">
<createdBy>Eduardo</createdBy>
<createdTime>2020-06-30 20:48:04 UTC</createdTime>
<ownerDesignName>Atividade</ownerDesignName>
<engineerTo>
<item key="415BD0C9-8BE5-DD81-56D9-9C74AECF3D01" value="true"/>
</engineerTo>
<useDomainConstraints>false</useDomainConstraints>
<use>1</use>
<logicalDatatype>LOGDT019</logicalDatatype>
<dataTypePrecision>1</dataTypePrecision>
<ownDataTypeParameters>,1,</ownDataTypeParameters>
</Attribute>
<Attribute name="ds_tipo_recebimento" id="EF64A88B-B529-91C0-C9CD-CB053FEC0AD6">
<createdBy>Eduardo</createdBy>
<createdTime>2020-06-30 20:48:20 UTC</createdTime>
<ownerDesignName>Atividade</ownerDesignName>
<engineerTo>
<item key="415BD0C9-8BE5-DD81-56D9-9C74AECF3D01" value="true"/>
</engineerTo>
<useDomainConstraints>false</useDomainConstraints>
<use>1</use>
<logicalDatatype>LOGDT024</logicalDatatype>
<dataTypeSize>20</dataTypeSize>
<ownDataTypeParameters>20,,</ownDataTypeParameters>
</Attribute>
</attributes>
<identifiers itemClass="oracle.dbtools.crest.model.design.logical.CandidateKey">
<identifier id="756074C0-B0D5-6CCD-5B0C-062CD5D24F8C" name="T_CFH_TIPO_RECEBIMENTO PK">
<createdBy>Eduardo</createdBy>
<createdTime>2020-06-30 20:48:19 UTC</createdTime>
<ownerDesignName>Atividade</ownerDesignName>
<engineerTo>
<item key="415BD0C9-8BE5-DD81-56D9-9C74AECF3D01" value="true"/>
</engineerTo>
<pk>true</pk>
<usedAttributes>
<attributeRef>36C2ECC4-16E7-9B8C-FEF4-5B755CFAB300</attributeRef>
</usedAttributes>
</identifier>
</identifiers>
</Entity>
