<?xml version = '1.0' encoding = 'UTF-8'?>
<Entity class="oracle.dbtools.crest.model.design.logical.Entity" directorySegmentName="seg_0" id="F57B3C0C-02C2-DE50-C187-C22EAA735587" name="T_CFH_COLABORADOR">
<createdBy>Eduardo</createdBy>
<createdTime>2020-06-19 12:31:38 UTC</createdTime>
<comment><![CDATA[Os voluntário são aqueles que prestam algum tipo de seviço a ONG. Podem ter acesso ou não ao sistema.]]></comment>
<commentInRDBMS><![CDATA[Os voluntário são aqueles que prestam algum tipo de seviço a ONG. Podem ter acesso ou não ao sistema.]]></commentInRDBMS>
<notes><![CDATA[CFH - Coding For Hope.]]></notes>
<ownerDesignName>Atividade</ownerDesignName>
<engineerTo>
<item key="415BD0C9-8BE5-DD81-56D9-9C74AECF3D01" value="true"/>
</engineerTo>
<adequatelyNormalized>NO</adequatelyNormalized>
<expectedVolumes>0</expectedVolumes>
<fwdEngineeringStrategyName>Single Table</fwdEngineeringStrategyName>
<growthPercent>0</growthPercent>
<growthType>Year</growthType>
<maxVolumes>9999999</maxVolumes>
<minVolumes>0</minVolumes>
<normalForm>Third</normalForm>
<attributes itemClass="oracle.dbtools.crest.model.design.logical.Attribute">
<Attribute name="id_colaborador" id="F973D6E9-BE0E-7042-A954-583BB0E92143">
<createdBy>Eduardo</createdBy>
<createdTime>2020-06-19 13:11:32 UTC</createdTime>
<ownerDesignName>Atividade</ownerDesignName>
<engineerTo>
<item key="415BD0C9-8BE5-DD81-56D9-9C74AECF3D01" value="true"/>
</engineerTo>
<useDomainConstraints>false</useDomainConstraints>
<use>1</use>
<logicalDatatype>LOGDT019</logicalDatatype>
<dataTypePrecision>4</dataTypePrecision>
<ownDataTypeParameters>,4,</ownDataTypeParameters>
</Attribute>
<Attribute name="id_tipo_colaborador" id="1EAC4E5D-723C-16BD-DE06-D4614F8A7FAE">
<createdBy>User</createdBy>
<createdTime>2020-06-22 14:22:11 UTC</createdTime>
<generatorID>B6CE7BA6-5D52-9009-7B4B-01064446C70E</generatorID>
<ownerDesignName>Atividade</ownerDesignName>
<engineerTo>
<item key="415BD0C9-8BE5-DD81-56D9-9C74AECF3D01" value="true"/>
</engineerTo>
<referedAttribute>0F80AD55-04B0-63A9-04EC-B0B44DD49313</referedAttribute>
<useDomainConstraints>false</useDomainConstraints>
<use>1</use>
<logicalDatatype>LOGDT019</logicalDatatype>
<dataTypePrecision>1</dataTypePrecision>
<ownDataTypeParameters>,1,</ownDataTypeParameters>
</Attribute>
<Attribute name="nm_colaborador" id="DAD44E8E-4FE1-413A-BBDB-01E854B3DD62">
<createdBy>Eduardo</createdBy>
<createdTime>2020-06-19 13:12:01 UTC</createdTime>
<ownerDesignName>Atividade</ownerDesignName>
<engineerTo>
<item key="415BD0C9-8BE5-DD81-56D9-9C74AECF3D01" value="true"/>
</engineerTo>
<useDomainConstraints>false</useDomainConstraints>
<use>1</use>
<logicalDatatype>LOGDT024</logicalDatatype>
<dataTypeSize>30</dataTypeSize>
<ownDataTypeParameters>30,,</ownDataTypeParameters>
</Attribute>
<Attribute name="dt_nascimento" id="BF5E2C29-6AAE-6893-6321-6EC9B45CF6A3">
<createdBy>Eduardo</createdBy>
<createdTime>2020-06-19 20:06:34 UTC</createdTime>
<ownerDesignName>Atividade</ownerDesignName>
<engineerTo>
<item key="415BD0C9-8BE5-DD81-56D9-9C74AECF3D01" value="true"/>
</engineerTo>
<useDomainConstraints>false</useDomainConstraints>
<use>1</use>
<logicalDatatype>LOGDT007</logicalDatatype>
<ownDataTypeParameters>,,</ownDataTypeParameters>
</Attribute>
<Attribute name="ds_email" id="258B8032-87A0-901E-6089-FB637FD1E52D">
<createdBy>Eduardo</createdBy>
<createdTime>2020-06-19 20:06:51 UTC</createdTime>
<ownerDesignName>Atividade</ownerDesignName>
<engineerTo>
<item key="415BD0C9-8BE5-DD81-56D9-9C74AECF3D01" value="true"/>
</engineerTo>
<useDomainConstraints>false</useDomainConstraints>
<use>1</use>
<logicalDatatype>LOGDT024</logicalDatatype>
<dataTypeSize>30</dataTypeSize>
<ownDataTypeParameters>30,,</ownDataTypeParameters>
</Attribute>
<Attribute name="ds_senha" id="CC4DB156-8A73-F970-2A71-B20E588ED163">
<createdBy>Eduardo</createdBy>
<createdTime>2020-06-19 20:07:23 UTC</createdTime>
<ownerDesignName>Atividade</ownerDesignName>
<engineerTo>
<item key="415BD0C9-8BE5-DD81-56D9-9C74AECF3D01" value="true"/>
</engineerTo>
<useDomainConstraints>false</useDomainConstraints>
<use>1</use>
<logicalDatatype>LOGDT024</logicalDatatype>
<dataTypeSize>10</dataTypeSize>
<ownDataTypeParameters>10,,</ownDataTypeParameters>
</Attribute>
</attributes>
<identifiers itemClass="oracle.dbtools.crest.model.design.logical.CandidateKey">
<identifier id="2BF52570-BDF1-CD9F-D45E-A2087869F81C" name="T_CFH_USUARIO PK">
<createdBy>Eduardo</createdBy>
<createdTime>2020-06-19 13:11:47 UTC</createdTime>
<ownerDesignName>Atividade</ownerDesignName>
<engineerTo>
<item key="415BD0C9-8BE5-DD81-56D9-9C74AECF3D01" value="true"/>
</engineerTo>
<pk>true</pk>
<usedAttributes>
<attributeRef>F973D6E9-BE0E-7042-A954-583BB0E92143</attributeRef>
</usedAttributes>
</identifier>
</identifiers>
</Entity>
