<?xml version = '1.0' encoding = 'UTF-8'?>
<Relation class="oracle.dbtools.crest.model.design.logical.Relation" name="Relation_1" directorySegmentName="seg_0" id="1213508F-D4C9-A4ED-F556-799F0BC87D4B">
<createdBy>Eduardo</createdBy>
<createdTime>2020-06-19 20:18:13 UTC</createdTime>
<ownerDesignName>Atividade</ownerDesignName>
<engineerTo>
<item key="415BD0C9-8BE5-DD81-56D9-9C74AECF3D01" value="true"/>
</engineerTo>
<sourcePk>2BF52570-BDF1-CD9F-D45E-A2087869F81C</sourcePk>
<identifying>true</identifying>
<optionalSource>true</optionalSource>
<optionalTarget>false</optionalTarget>
<sourceCardinality>1</sourceCardinality>
<sourceEntity>F57B3C0C-02C2-DE50-C187-C22EAA735587</sourceEntity>
<targetCardinalityString>*</targetCardinalityString>
<targetEntity>2C778496-9D39-2E1F-EAC9-763C099E0407</targetEntity>
<transferable>true</transferable>
<deleteRule>NO ACTION</deleteRule>
</Relation>
