<?xml version = '1.0' encoding = 'UTF-8'?>
<Relation class="oracle.dbtools.crest.model.design.logical.Relation" name="Relation_15" directorySegmentName="seg_0" id="26A36D47-D95B-399B-B59A-C92E73B4B392">
<createdBy>User</createdBy>
<createdTime>2020-06-22 15:15:18 UTC</createdTime>
<ownerDesignName>Atividade</ownerDesignName>
<engineerTo>
<item key="415BD0C9-8BE5-DD81-56D9-9C74AECF3D01" value="true"/>
</engineerTo>
<sourcePk>E41ED0B8-1479-F8A7-07CE-79EE3665DD74</sourcePk>
<identifying>false</identifying>
<optionalSource>true</optionalSource>
<optionalTarget>false</optionalTarget>
<sourceCardinality>1</sourceCardinality>
<sourceEntity>75EB7E66-DC50-5D34-DBDC-D79CC8FAB8BB</sourceEntity>
<targetCardinalityString>*</targetCardinalityString>
<targetEntity>A6014A26-2FEC-A907-E1C3-D60D98C4ED2D</targetEntity>
<transferable>true</transferable>
<deleteRule>NO ACTION</deleteRule>
</Relation>
