<?xml version = '1.0' encoding = 'UTF-8'?>
<Relation class="oracle.dbtools.crest.model.design.logical.Relation" name="Relation_17" directorySegmentName="seg_0" id="571A4891-E0F3-B5B5-6683-B7C859195896">
<createdBy>User</createdBy>
<createdTime>2020-06-22 15:56:49 UTC</createdTime>
<ownerDesignName>Atividade</ownerDesignName>
<engineerTo>
<item key="415BD0C9-8BE5-DD81-56D9-9C74AECF3D01" value="true"/>
</engineerTo>
<sourcePk>2BF52570-BDF1-CD9F-D45E-A2087869F81C</sourcePk>
<identifying>false</identifying>
<optionalSource>true</optionalSource>
<optionalTarget>false</optionalTarget>
<sourceCardinality>1</sourceCardinality>
<sourceEntity>F57B3C0C-02C2-DE50-C187-C22EAA735587</sourceEntity>
<targetCardinalityString>*</targetCardinalityString>
<targetEntity>5BCCF35C-0A62-FC0C-E4D8-6B628A281A6B</targetEntity>
<transferable>true</transferable>
<deleteRule>NO ACTION</deleteRule>
</Relation>
