<?xml version = '1.0' encoding = 'UTF-8'?>
<Relation class="oracle.dbtools.crest.model.design.logical.Relation" name="Relation_11" directorySegmentName="seg_0" id="8F5AC4CE-7230-B26E-7358-5F8888F220D6">
<createdBy>User</createdBy>
<createdTime>2020-06-22 14:24:20 UTC</createdTime>
<ownerDesignName>Atividade</ownerDesignName>
<engineerTo>
<item key="415BD0C9-8BE5-DD81-56D9-9C74AECF3D01" value="true"/>
</engineerTo>
<sourcePk>7D41185C-E399-C26B-9047-F2C1270D9593</sourcePk>
<identifying>false</identifying>
<optionalSource>false</optionalSource>
<optionalTarget>false</optionalTarget>
<sourceCardinality>1</sourceCardinality>
<sourceEntity>3477B78B-A074-5869-51A6-C60047C78FB7</sourceEntity>
<targetCardinalityString>*</targetCardinalityString>
<targetEntity>C4102E9A-5CDA-3B98-213A-32C1E8115DBB</targetEntity>
<transferable>true</transferable>
<deleteRule>NO ACTION</deleteRule>
</Relation>
