<?xml version = '1.0' encoding = 'UTF-8'?>
<Relation class="oracle.dbtools.crest.model.design.logical.Relation" name="Relation_2" directorySegmentName="seg_0" id="D336DAC0-0A2A-554F-4882-DF5AFE9AB587">
<createdBy>Eduardo</createdBy>
<createdTime>2020-06-19 20:18:59 UTC</createdTime>
<ownerDesignName>Atividade</ownerDesignName>
<engineerTo>
<item key="415BD0C9-8BE5-DD81-56D9-9C74AECF3D01" value="true"/>
</engineerTo>
<sourcePk>2BF52570-BDF1-CD9F-D45E-A2087869F81C</sourcePk>
<identifying>false</identifying>
<optionalSource>false</optionalSource>
<optionalTarget>true</optionalTarget>
<sourceCardinality>1</sourceCardinality>
<sourceEntity>F57B3C0C-02C2-DE50-C187-C22EAA735587</sourceEntity>
<targetCardinalityString>*</targetCardinalityString>
<targetEntity>A737CB12-D1F7-E5DB-FC68-63F10BFC790D</targetEntity>
<transferable>true</transferable>
<deleteRule>NO ACTION</deleteRule>
</Relation>
