<?xml version = '1.0' encoding = 'UTF-8'?>
<Diagram class="oracle.dbtools.crest.swingui.relational.DPVRelational" name="Relational_1" id="AB5ED039-3BE2-B5B2-D3F2-4EE94F730978">
<createdBy>Eduardo</createdBy>
<modifiedBy>Eduardo</modifiedBy>
<createdTime>2020-06-19 20:20:58 UTC</createdTime>
<autoRoute>false</autoRoute>
<boxInbox>true</boxInbox>
<showLegend>false</showLegend>
<showLabels>false</showLabels>
<showRelAttributes>false</showRelAttributes>
<gridEnabled>false</gridEnabled>
<showGrid>false</showGrid>
<diagramColor>-1</diagramColor>
<display>false</display>
<notation>1</notation>
<objectViews>
<OView class="oracle.dbtools.crest.swingui.relational.TVTable" oid="0702CEF0-F000-F5B1-9CAE-2DB0E6A7E691" otype="Table" vid="10AC7CB6-C6F3-D938-5D2F-EA6ACE88E668">
<hideElementsInCurrentOnly>false</hideElementsInCurrentOnly>
<bounds x="678" y="208" width="547" height="192"/>
</OView>
<OView class="oracle.dbtools.crest.swingui.relational.TVTable" oid="17751021-4D95-5069-5863-3ABF9BA0C5F6" otype="Table" vid="6A3CF340-0677-4515-4055-99A64B13C8A0">
<hideElementsInCurrentOnly>false</hideElementsInCurrentOnly>
<bounds x="96" y="972" width="442" height="108"/>
</OView>
<OView class="oracle.dbtools.crest.swingui.relational.TVTable" oid="2233DDA5-8DA3-8F68-768B-568C44F95968" otype="Table" vid="AB4F528B-FFB7-E356-7AFB-A4412C10B0F6">
<hideElementsInCurrentOnly>false</hideElementsInCurrentOnly>
<bounds x="1067" y="523" width="379" height="164"/>
</OView>
<OView class="oracle.dbtools.crest.swingui.relational.TVTable" oid="22E6078D-A4B8-AE39-AF7E-36BF2BE0074C" otype="Table" vid="D18CF21F-6A8E-A35D-E76B-84DC135D72ED">
<hideElementsInCurrentOnly>false</hideElementsInCurrentOnly>
<bounds x="350" y="709" width="473" height="150"/>
</OView>
<OView class="oracle.dbtools.crest.swingui.relational.TVTable" oid="28563F21-FAC8-6A90-27DA-F9678B1D46FA" otype="Table" vid="ABC795D5-2F38-BFF1-F631-303A3ACB17CD">
<hideElementsInCurrentOnly>false</hideElementsInCurrentOnly>
<bounds x="1484" y="376" width="465" height="108"/>
</OView>
<OView class="oracle.dbtools.crest.swingui.relational.TVTable" oid="31506F12-DD22-1CA3-AC29-7CDBE17AD484" otype="Table" vid="2568ADE3-85B0-C5E0-6BBD-34AE5139F0DC">
<hideElementsInCurrentOnly>false</hideElementsInCurrentOnly>
<bounds x="22" y="503" width="502" height="122"/>
</OView>
<OView class="oracle.dbtools.crest.swingui.relational.TVTable" oid="47DC1EE0-F346-734F-1F47-ED48AAD0D267" otype="Table" vid="5C92387A-2587-D793-9E2C-65E1F89AFA58">
<hideElementsInCurrentOnly>false</hideElementsInCurrentOnly>
<bounds x="1727" y="1112" width="309" height="74"/>
</OView>
<OView class="oracle.dbtools.crest.swingui.relational.TVTable" oid="480D0490-7C56-A157-A4EF-129A20786AA1" otype="Table" vid="28188841-32D0-729C-493D-1026D6F1A7E5">
<hideElementsInCurrentOnly>false</hideElementsInCurrentOnly>
<bounds x="1383" y="877" width="581" height="150"/>
</OView>
<OView class="oracle.dbtools.crest.swingui.relational.TVTable" oid="5262B4E7-CEBB-3E18-A0A8-7CC414DFEB79" otype="Table" vid="9D245A76-49EA-B1BD-F097-FC682D90DB18">
<hideElementsInCurrentOnly>false</hideElementsInCurrentOnly>
<bounds x="1591" y="643" width="414" height="108"/>
</OView>
<OView class="oracle.dbtools.crest.swingui.relational.TVTable" oid="59D44E76-15C6-2691-CBDD-4434198B4D5E" otype="Table" vid="349FBC67-8437-5015-21F0-6167A9EBABF8">
<hideElementsInCurrentOnly>false</hideElementsInCurrentOnly>
<bounds x="915" y="737" width="377" height="122"/>
</OView>
<OView class="oracle.dbtools.crest.swingui.relational.TVTable" oid="5D248832-A1CB-4BAB-293B-923F67309B96" otype="Table" vid="E85DB30E-DBAA-6AA6-9A94-B72ECC9B6288">
<hideElementsInCurrentOnly>false</hideElementsInCurrentOnly>
<bounds x="15" y="9" width="309" height="74"/>
</OView>
<OView class="oracle.dbtools.crest.swingui.relational.TVTable" oid="8BAB607A-3472-42ED-4C81-02447B98EA02" otype="Table" vid="B8FD739D-FD2A-06BA-F4EB-8507C87DE249">
<hideElementsInCurrentOnly>false</hideElementsInCurrentOnly>
<bounds x="355" y="6" width="459" height="136"/>
</OView>
<OView class="oracle.dbtools.crest.swingui.relational.TVTable" oid="8D6EEDA4-086F-B8D3-1D39-30B0B6857F26" otype="Table" vid="C74C341D-CE11-E77E-D116-8116D9D46BCC">
<hideElementsInCurrentOnly>false</hideElementsInCurrentOnly>
<bounds x="586" y="983" width="252" height="74"/>
</OView>
<OView class="oracle.dbtools.crest.swingui.relational.TVTable" oid="8EF75564-10A2-879D-3677-3AA92255CF47" otype="Table" vid="FFBF0116-D7E2-C117-24A6-2A36428DF5E0">
<hideElementsInCurrentOnly>false</hideElementsInCurrentOnly>
<bounds x="22" y="221" width="587" height="170"/>
</OView>
<OView class="oracle.dbtools.crest.swingui.relational.TVTable" oid="9B4B0EF6-7710-8592-8D34-D56E882305CB" otype="Table" vid="B2D1C1A6-1002-DCE3-DA07-07F9028B6E6A">
<hideElementsInCurrentOnly>false</hideElementsInCurrentOnly>
<bounds x="1590" y="511" width="444" height="108"/>
</OView>
<OView class="oracle.dbtools.crest.swingui.relational.TVTable" oid="AA64016B-693E-1407-A864-F00C632B0340" otype="Table" vid="3775EE2A-26EE-F12A-5BC2-3CF2F6DCE266">
<hideElementsInCurrentOnly>false</hideElementsInCurrentOnly>
<bounds x="905" y="935" width="410" height="108"/>
</OView>
<OView class="oracle.dbtools.crest.swingui.relational.TVTable" oid="AB917FE8-CB03-2098-5ADD-261EAD674A73" otype="Table" vid="23996C7B-9BA6-40F1-2AE4-8100CFA64DFD">
<hideElementsInCurrentOnly>false</hideElementsInCurrentOnly>
<bounds x="47" y="754" width="197" height="88"/>
</OView>
<OView class="oracle.dbtools.crest.swingui.relational.TVTable" oid="C1DA8A20-DBE8-9471-F320-B9A943F31B67" otype="Table" vid="0CB16527-79FB-6F39-1C11-D12E742825A3">
<hideElementsInCurrentOnly>false</hideElementsInCurrentOnly>
<bounds x="1285" y="20" width="362" height="108"/>
</OView>
<OView class="oracle.dbtools.crest.swingui.relational.TVTable" oid="CB6B478A-70A0-9260-9974-850A5C7E9929" otype="Table" vid="E9F6AC3C-2730-8F71-4841-609A9ACC3193">
<hideElementsInCurrentOnly>false</hideElementsInCurrentOnly>
<bounds x="1796" y="27" width="192" height="88"/>
</OView>
<OView class="oracle.dbtools.crest.swingui.relational.TVTable" oid="E1390151-5878-86E1-47C2-F911D2809487" otype="Table" vid="1CA96311-7F37-1FB9-09B2-5EF38FD480D7">
<hideElementsInCurrentOnly>false</hideElementsInCurrentOnly>
<bounds x="859" y="15" width="297" height="74"/>
</OView>
<OView class="oracle.dbtools.crest.swingui.relational.TVTable" oid="E284B3BC-FB6B-7F8D-E92D-03AA95DBB3C4" otype="Table" vid="B639DCC8-2699-67F0-3EDA-4C1E404FF232">
<hideElementsInCurrentOnly>false</hideElementsInCurrentOnly>
<bounds x="1741" y="214" width="253" height="88"/>
</OView>
<OView class="oracle.dbtools.crest.swingui.relational.TVTable" oid="F8BC8D06-D66D-7C38-4393-251F190B6665" otype="Table" vid="9A5C0A1D-5272-4C20-9AD8-BBDDD29E812D">
<hideElementsInCurrentOnly>false</hideElementsInCurrentOnly>
<bounds x="1357" y="222" width="355" height="108"/>
</OView>
</objectViews>
<connectors>
<Connector class="oracle.dbtools.crest.swingui.relational.TVFKRelation" oid="007744BB-F0B2-884A-A738-B5912F562FB6" otype="FKIndexAssociation" vid_source="E85DB30E-DBAA-6AA6-9A94-B72ECC9B6288" vid_target="FFBF0116-D7E2-C117-24A6-2A36428DF5E0">
<hideElementsInCurrentOnly>false</hideElementsInCurrentOnly>
<backgroundColor>-16777216</backgroundColor>
<lineWidth>1</lineWidth>
<points>
<point x="173" y="83"/>
<point x="173" y="221"/>
</points>
</Connector>
<Connector class="oracle.dbtools.crest.swingui.relational.TVFKRelation" oid="20DE5F02-6855-C7A1-CE7D-08877BB9C6F1" otype="FKIndexAssociation" vid_source="E9F6AC3C-2730-8F71-4841-609A9ACC3193" vid_target="0CB16527-79FB-6F39-1C11-D12E742825A3">
<hideElementsInCurrentOnly>false</hideElementsInCurrentOnly>
<backgroundColor>-16777216</backgroundColor>
<lineWidth>1</lineWidth>
<points>
<point x="1796" y="71"/>
<point x="1647" y="71"/>
</points>
</Connector>
<Connector class="oracle.dbtools.crest.swingui.relational.TVFKRelation" oid="21202115-9760-B9E6-6992-1186BA44BFED" otype="FKIndexAssociation" vid_source="AB4F528B-FFB7-E356-7AFB-A4412C10B0F6" vid_target="10AC7CB6-C6F3-D938-5D2F-EA6ACE88E668">
<hideElementsInCurrentOnly>false</hideElementsInCurrentOnly>
<backgroundColor>-16777216</backgroundColor>
<lineWidth>1</lineWidth>
<points>
<point x="1146" y="523"/>
<point x="1146" y="400"/>
</points>
</Connector>
<Connector class="oracle.dbtools.crest.swingui.relational.TVFKRelation" oid="3122C9BF-929F-139F-2B1C-E4752BC67D6C" otype="FKIndexAssociation" vid_source="ABC795D5-2F38-BFF1-F631-303A3ACB17CD" vid_target="AB4F528B-FFB7-E356-7AFB-A4412C10B0F6">
<hideElementsInCurrentOnly>false</hideElementsInCurrentOnly>
<backgroundColor>-16777216</backgroundColor>
<lineWidth>1</lineWidth>
<points>
<point x="1484" y="421"/>
<point x="1337" y="421"/>
<point x="1337" y="523"/>
</points>
</Connector>
<Connector class="oracle.dbtools.crest.swingui.relational.TVFKRelation" oid="35F88CE3-CDF2-5AAD-56E3-A9938699801E" otype="FKIndexAssociation" vid_source="C74C341D-CE11-E77E-D116-8116D9D46BCC" vid_target="D18CF21F-6A8E-A35D-E76B-84DC135D72ED">
<hideElementsInCurrentOnly>false</hideElementsInCurrentOnly>
<backgroundColor>-16777216</backgroundColor>
<lineWidth>1</lineWidth>
<points>
<point x="704" y="983"/>
<point x="704" y="859"/>
</points>
</Connector>
<Connector class="oracle.dbtools.crest.swingui.relational.TVFKRelation" oid="4BA7EE2B-B788-9601-137D-474B4105FC98" otype="FKIndexAssociation" vid_source="FFBF0116-D7E2-C117-24A6-2A36428DF5E0" vid_target="2568ADE3-85B0-C5E0-6BBD-34AE5139F0DC">
<hideElementsInCurrentOnly>false</hideElementsInCurrentOnly>
<backgroundColor>-16777216</backgroundColor>
<lineWidth>1</lineWidth>
<points>
<point x="273" y="391"/>
<point x="273" y="503"/>
</points>
</Connector>
<Connector class="oracle.dbtools.crest.swingui.relational.TVFKRelation" oid="6709EBB3-C2DD-ACF9-8534-D395CF573FA7" otype="FKIndexAssociation" vid_source="B639DCC8-2699-67F0-3EDA-4C1E404FF232" vid_target="ABC795D5-2F38-BFF1-F631-303A3ACB17CD">
<hideElementsInCurrentOnly>false</hideElementsInCurrentOnly>
<backgroundColor>-16777216</backgroundColor>
<lineWidth>1</lineWidth>
<points>
<point x="1845" y="302"/>
<point x="1845" y="376"/>
</points>
</Connector>
<Connector class="oracle.dbtools.crest.swingui.relational.TVFKRelation" oid="7BE4DE5C-D63E-2EE0-334B-0FF68B196858" otype="FKIndexAssociation" vid_source="FFBF0116-D7E2-C117-24A6-2A36428DF5E0" vid_target="D18CF21F-6A8E-A35D-E76B-84DC135D72ED">
<hideElementsInCurrentOnly>false</hideElementsInCurrentOnly>
<backgroundColor>-16777216</backgroundColor>
<lineWidth>1</lineWidth>
<points>
<point x="563" y="391"/>
<point x="563" y="709"/>
</points>
</Connector>
<Connector class="oracle.dbtools.crest.swingui.relational.TVFKRelation" oid="7D64A454-B498-E17C-6FF4-C5393B79A809" otype="FKIndexAssociation" vid_source="AB4F528B-FFB7-E356-7AFB-A4412C10B0F6" vid_target="B2D1C1A6-1002-DCE3-DA07-07F9028B6E6A">
<hideElementsInCurrentOnly>false</hideElementsInCurrentOnly>
<backgroundColor>-16777216</backgroundColor>
<lineWidth>1</lineWidth>
<points>
<point x="1446" y="571"/>
<point x="1590" y="571"/>
</points>
</Connector>
<Connector class="oracle.dbtools.crest.swingui.relational.TVFKRelation" oid="7E5E6CEA-5B53-1869-4F03-4F1BBE62F538" otype="FKIndexAssociation" vid_source="23996C7B-9BA6-40F1-2AE4-8100CFA64DFD" vid_target="2568ADE3-85B0-C5E0-6BBD-34AE5139F0DC">
<hideElementsInCurrentOnly>false</hideElementsInCurrentOnly>
<backgroundColor>-16777216</backgroundColor>
<lineWidth>1</lineWidth>
<points>
<point x="145" y="754"/>
<point x="145" y="625"/>
</points>
</Connector>
<Connector class="oracle.dbtools.crest.swingui.relational.TVFKRelation" oid="82C34781-5676-47C8-DEFC-B9ED9D090C79" otype="FKIndexAssociation" vid_source="5C92387A-2587-D793-9E2C-65E1F89AFA58" vid_target="28188841-32D0-729C-493D-1026D6F1A7E5">
<hideElementsInCurrentOnly>false</hideElementsInCurrentOnly>
<backgroundColor>-16777216</backgroundColor>
<lineWidth>1</lineWidth>
<points>
<point x="1845" y="1112"/>
<point x="1845" y="1027"/>
</points>
</Connector>
<Connector class="oracle.dbtools.crest.swingui.relational.TVFKRelation" oid="A35CC5B9-3A11-51E8-A40B-13E1FB1D5309" otype="FKIndexAssociation" vid_source="FFBF0116-D7E2-C117-24A6-2A36428DF5E0" vid_target="B8FD739D-FD2A-06BA-F4EB-8507C87DE249">
<hideElementsInCurrentOnly>false</hideElementsInCurrentOnly>
<backgroundColor>-16777216</backgroundColor>
<lineWidth>1</lineWidth>
<points>
<point x="458" y="221"/>
<point x="458" y="182"/>
<point x="458" y="142"/>
</points>
</Connector>
<Connector class="oracle.dbtools.crest.swingui.relational.TVFKRelation" oid="B6031F31-E7B3-5452-309E-CA662FE1D750" otype="FKIndexAssociation" vid_source="9A5C0A1D-5272-4C20-9AD8-BBDDD29E812D" vid_target="10AC7CB6-C6F3-D938-5D2F-EA6ACE88E668">
<hideElementsInCurrentOnly>false</hideElementsInCurrentOnly>
<backgroundColor>-16777216</backgroundColor>
<lineWidth>1</lineWidth>
<points>
<point x="1357" y="276"/>
<point x="1225" y="276"/>
</points>
</Connector>
<Connector class="oracle.dbtools.crest.swingui.relational.TVFKRelation" oid="BAA7CAEB-E5C0-57CE-BF6E-2C399AAA48E7" otype="FKIndexAssociation" vid_source="0CB16527-79FB-6F39-1C11-D12E742825A3" vid_target="9A5C0A1D-5272-4C20-9AD8-BBDDD29E812D">
<hideElementsInCurrentOnly>false</hideElementsInCurrentOnly>
<backgroundColor>-16777216</backgroundColor>
<lineWidth>1</lineWidth>
<points>
<point x="1502" y="128"/>
<point x="1502" y="222"/>
</points>
</Connector>
<Connector class="oracle.dbtools.crest.swingui.relational.TVFKRelation" oid="BDBE8AAE-4A7F-E4A3-9F54-A5050F77F1E2" otype="FKIndexAssociation" vid_source="AB4F528B-FFB7-E356-7AFB-A4412C10B0F6" vid_target="9D245A76-49EA-B1BD-F097-FC682D90DB18">
<hideElementsInCurrentOnly>false</hideElementsInCurrentOnly>
<backgroundColor>-16777216</backgroundColor>
<lineWidth>1</lineWidth>
<points>
<point x="1446" y="665"/>
<point x="1591" y="665"/>
</points>
</Connector>
<Connector class="oracle.dbtools.crest.swingui.relational.TVFKRelation" oid="C374D0A0-F47B-40ED-C46B-D72808DE6786" otype="FKIndexAssociation" vid_source="1CA96311-7F37-1FB9-09B2-5EF38FD480D7" vid_target="10AC7CB6-C6F3-D938-5D2F-EA6ACE88E668">
<hideElementsInCurrentOnly>false</hideElementsInCurrentOnly>
<backgroundColor>-16777216</backgroundColor>
<lineWidth>1</lineWidth>
<points>
<point x="1007" y="89"/>
<point x="1007" y="208"/>
</points>
</Connector>
<Connector class="oracle.dbtools.crest.swingui.relational.TVFKRelation" oid="E260F3FB-F12D-8A14-BCF3-441365218CE4" otype="FKIndexAssociation" vid_source="AB4F528B-FFB7-E356-7AFB-A4412C10B0F6" vid_target="349FBC67-8437-5015-21F0-6167A9EBABF8">
<hideElementsInCurrentOnly>false</hideElementsInCurrentOnly>
<backgroundColor>-16777216</backgroundColor>
<lineWidth>1</lineWidth>
<points>
<point x="1179" y="687"/>
<point x="1179" y="737"/>
</points>
</Connector>
<Connector class="oracle.dbtools.crest.swingui.relational.TVFKRelation" oid="E3F971D7-4916-5350-BB0C-07A15782F229" otype="FKIndexAssociation" vid_source="D18CF21F-6A8E-A35D-E76B-84DC135D72ED" vid_target="6A3CF340-0677-4515-4055-99A64B13C8A0">
<hideElementsInCurrentOnly>false</hideElementsInCurrentOnly>
<backgroundColor>-16777216</backgroundColor>
<lineWidth>1</lineWidth>
<points>
<point x="444" y="859"/>
<point x="444" y="972"/>
</points>
</Connector>
<Connector class="oracle.dbtools.crest.swingui.relational.TVFKRelation" oid="E63D30E6-C8EF-04FB-BDB3-C2A4612890B8" otype="FKIndexAssociation" vid_source="AB4F528B-FFB7-E356-7AFB-A4412C10B0F6" vid_target="28188841-32D0-729C-493D-1026D6F1A7E5">
<hideElementsInCurrentOnly>false</hideElementsInCurrentOnly>
<backgroundColor>-16777216</backgroundColor>
<lineWidth>1</lineWidth>
<points>
<point x="1414" y="687"/>
<point x="1414" y="877"/>
</points>
</Connector>
<Connector class="oracle.dbtools.crest.swingui.relational.TVFKRelation" oid="EB918203-1297-476F-4183-8C4CE0C948DF" otype="FKIndexAssociation" vid_source="349FBC67-8437-5015-21F0-6167A9EBABF8" vid_target="3775EE2A-26EE-F12A-5BC2-3CF2F6DCE266">
<hideElementsInCurrentOnly>false</hideElementsInCurrentOnly>
<backgroundColor>-16777216</backgroundColor>
<lineWidth>1</lineWidth>
<points>
<point x="1103" y="859"/>
<point x="1103" y="935"/>
</points>
</Connector>
</connectors>
</Diagram>
