<?xml version = '1.0' encoding = 'UTF-8'?>
<Diagram class="oracle.dbtools.crest.swingui.logical.DPVLogical" name="Logical" id="1EECD81A-35B1-E311-482E-2DB2C6E7257A">
<createdBy>Eduardo</createdBy>
<modifiedBy>Eduardo</modifiedBy>
<createdTime>2020-06-19 12:31:38 UTC</createdTime>
<autoRoute>false</autoRoute>
<boxInbox>true</boxInbox>
<showLegend>false</showLegend>
<showLabels>false</showLabels>
<showRelAttributes>false</showRelAttributes>
<gridEnabled>false</gridEnabled>
<showGrid>false</showGrid>
<diagramColor>-1</diagramColor>
<display>false</display>
<notation>2</notation>
<objectViews>
<OView class="oracle.dbtools.crest.swingui.logical.TVEntity" oid="246BA18F-CC08-CF38-1204-9C875A1B53F1" otype="Entity" vid="34A7FAB6-A59A-2587-36D9-2CFE63872F60">
<hideElementsInCurrentOnly>false</hideElementsInCurrentOnly>
<bounds x="409" y="411" width="252" height="74"/>
</OView>
<OView class="oracle.dbtools.crest.swingui.logical.TVEntity" oid="2638F7A2-D240-D9FF-0C43-439EBE7602C4" otype="Entity" vid="7DE4123C-62ED-229C-FFE7-5C5E02DE75DC">
<hideElementsInCurrentOnly>false</hideElementsInCurrentOnly>
<bounds x="1269" y="32" width="197" height="88"/>
</OView>
<OView class="oracle.dbtools.crest.swingui.logical.TVEntity" oid="2C778496-9D39-2E1F-EAC9-763C099E0407" otype="Entity" vid="E1C93EAB-85D8-9E30-E828-0A1FB2975C12">
<hideElementsInCurrentOnly>false</hideElementsInCurrentOnly>
<bounds x="344" y="17" width="254" height="116"/>
</OView>
<OView class="oracle.dbtools.crest.swingui.logical.TVEntity" oid="30A53A49-37D5-3CFB-DA06-303B9A266F6A" otype="Entity" vid="ACA1551C-481A-EB64-BFA4-B5D58146193C">
<hideElementsInCurrentOnly>false</hideElementsInCurrentOnly>
<bounds x="641" y="156" width="232" height="144"/>
</OView>
<OView class="oracle.dbtools.crest.swingui.logical.TVEntity" oid="3477B78B-A074-5869-51A6-C60047C78FB7" otype="Entity" vid="811FA0B8-1D61-E9CA-F628-775B8C1E0244">
<hideElementsInCurrentOnly>false</hideElementsInCurrentOnly>
<bounds x="988" y="34" width="191" height="88"/>
</OView>
<OView class="oracle.dbtools.crest.swingui.logical.TVEntity" oid="483D1B3B-E333-C96F-BDC1-99CBAD0628D3" otype="Entity" vid="3B95D488-2C10-D42C-4F9A-01FDBDA12A53">
<hideElementsInCurrentOnly>false</hideElementsInCurrentOnly>
<bounds x="15" y="9" width="263" height="74"/>
</OView>
<OView class="oracle.dbtools.crest.swingui.logical.TVEntity" oid="58C75557-3D72-12DE-D95B-DDBAB86E34E6" otype="Entity" vid="B0FF228F-BD7A-313A-D043-46A47DBB0F62">
<hideElementsInCurrentOnly>false</hideElementsInCurrentOnly>
<bounds x="265" y="661" width="228" height="88"/>
</OView>
<OView class="oracle.dbtools.crest.swingui.logical.TVEntity" oid="5BCCF35C-0A62-FC0C-E4D8-6B628A281A6B" otype="Entity" vid="B541E180-6D66-C64C-F58C-DCE3A46A0C5E">
<hideElementsInCurrentOnly>false</hideElementsInCurrentOnly>
<bounds x="355" y="212" width="223" height="116"/>
</OView>
<OView class="oracle.dbtools.crest.swingui.logical.TVEntity" oid="5C8D36E0-52CB-B29E-2802-D8197A8763B0" otype="Entity" vid="724EECA4-65E9-1BA8-9EE9-CF89D3626577">
<hideElementsInCurrentOnly>false</hideElementsInCurrentOnly>
<bounds x="256" y="537" width="291" height="88"/>
</OView>
<OView class="oracle.dbtools.crest.swingui.logical.TVEntity" oid="75EB7E66-DC50-5D34-DBDC-D79CC8FAB8BB" otype="Entity" vid="2404352C-B9CC-3BD8-40EE-CD56FD092CD5">
<hideElementsInCurrentOnly>false</hideElementsInCurrentOnly>
<bounds x="702" y="371" width="212" height="144"/>
</OView>
<OView class="oracle.dbtools.crest.swingui.logical.TVEntity" oid="78DCFD93-45EC-4E23-BD79-3A2742222578" otype="Entity" vid="1818C0ED-3CAA-3F8D-558A-10E618DE4BAD">
<hideElementsInCurrentOnly>false</hideElementsInCurrentOnly>
<bounds x="1212" y="177" width="250" height="88"/>
</OView>
<OView class="oracle.dbtools.crest.swingui.logical.TVEntity" oid="7CEBB412-9E0D-2CDA-3636-BFD8A5C9082D" otype="Entity" vid="5703310A-DA4F-C1E8-A039-13618130CAD8">
<hideElementsInCurrentOnly>false</hideElementsInCurrentOnly>
<bounds x="576" y="734" width="267" height="88"/>
</OView>
<OView class="oracle.dbtools.crest.swingui.logical.TVEntity" oid="914C96DF-211F-CCCA-531F-EE43F58923F0" otype="Entity" vid="E9E079CB-74AA-A73B-D2F7-AC72E37131A6">
<hideElementsInCurrentOnly>false</hideElementsInCurrentOnly>
<bounds x="1031" y="368" width="236" height="88"/>
</OView>
<OView class="oracle.dbtools.crest.swingui.logical.TVEntity" oid="9DE06799-A488-F55B-E045-824CAEDE276B" otype="Entity" vid="E69D0ED4-3907-2EFA-61C3-62BAD80E2E15">
<hideElementsInCurrentOnly>false</hideElementsInCurrentOnly>
<bounds x="603" y="611" width="203" height="102"/>
</OView>
<OView class="oracle.dbtools.crest.swingui.logical.TVEntity" oid="A6014A26-2FEC-A907-E1C3-D60D98C4ED2D" otype="Entity" vid="4914BF9D-4A75-D0CE-D9F8-0580A2B0BA81">
<hideElementsInCurrentOnly>false</hideElementsInCurrentOnly>
<bounds x="990" y="490" width="183" height="88"/>
</OView>
<OView class="oracle.dbtools.crest.swingui.logical.TVEntity" oid="A737CB12-D1F7-E5DB-FC68-63F10BFC790D" otype="Entity" vid="A23950D5-9883-3A77-D85B-FA64A14BB352">
<hideElementsInCurrentOnly>false</hideElementsInCurrentOnly>
<bounds x="18" y="327" width="257" height="90"/>
</OView>
<OView class="oracle.dbtools.crest.swingui.logical.TVEntity" oid="BD69C48C-DB23-2442-057C-88B43B805527" otype="Entity" vid="EC12CD6B-5C05-70AB-5BC4-70C34C7741B5">
<hideElementsInCurrentOnly>false</hideElementsInCurrentOnly>
<bounds x="636" y="19" width="294" height="74"/>
</OView>
<OView class="oracle.dbtools.crest.swingui.logical.TVEntity" oid="C4102E9A-5CDA-3B98-213A-32C1E8115DBB" otype="Entity" vid="4B38B90B-5EB3-635E-4928-47E66C758EEF">
<hideElementsInCurrentOnly>false</hideElementsInCurrentOnly>
<bounds x="1012" y="184" width="190" height="88"/>
</OView>
<OView class="oracle.dbtools.crest.swingui.logical.TVEntity" oid="D58CF4AE-5A6A-F4AF-EE4F-76B0E5A88C6E" otype="Entity" vid="D3225DDE-94CB-A0B3-BFED-1464CFA82406">
<hideElementsInCurrentOnly>false</hideElementsInCurrentOnly>
<bounds x="32" y="467" width="194" height="90"/>
</OView>
<OView class="oracle.dbtools.crest.swingui.logical.TVEntity" oid="D7BAF421-951F-7728-EDEC-4E6E3E73D165" otype="Entity" vid="606DA6C1-2698-5C3E-8741-558728F52207">
<hideElementsInCurrentOnly>false</hideElementsInCurrentOnly>
<bounds x="918" y="618" width="251" height="116"/>
</OView>
<OView class="oracle.dbtools.crest.swingui.logical.TVEntity" oid="E50612F1-89FF-76C6-4CB6-A4B70013D7E9" otype="Entity" vid="4CCC828D-1DA7-10B5-B7C0-4B2AFD026CEE">
<hideElementsInCurrentOnly>false</hideElementsInCurrentOnly>
<bounds x="1197" y="493" width="306" height="74"/>
</OView>
<OView class="oracle.dbtools.crest.swingui.logical.TVEntity" oid="F57B3C0C-02C2-DE50-C187-C22EAA735587" otype="Entity" vid="E8C8FC14-DFF3-B54F-8DBF-7865F7E2DC58">
<hideElementsInCurrentOnly>false</hideElementsInCurrentOnly>
<bounds x="18" y="153" width="238" height="130"/>
</OView>
</objectViews>
<connectors>
<Connector class="oracle.dbtools.crest.swingui.logical.TVRelation" oid="10809237-7BC7-CA0C-882D-43BC9358DD07" otype="Relation" vid_source="E69D0ED4-3907-2EFA-61C3-62BAD80E2E15" vid_target="B0FF228F-BD7A-313A-D043-46A47DBB0F62">
<hideElementsInCurrentOnly>false</hideElementsInCurrentOnly>
<backgroundColor>-16777216</backgroundColor>
<lineWidth>1</lineWidth>
<points>
<point x="603" y="687"/>
<point x="493" y="687"/>
</points>
</Connector>
<Connector class="oracle.dbtools.crest.swingui.logical.TVRelation" oid="1213508F-D4C9-A4ED-F556-799F0BC87D4B" otype="Relation" vid_source="E8C8FC14-DFF3-B54F-8DBF-7865F7E2DC58" vid_target="E1C93EAB-85D8-9E30-E828-0A1FB2975C12">
<hideElementsInCurrentOnly>false</hideElementsInCurrentOnly>
<backgroundColor>-16777216</backgroundColor>
<lineWidth>1</lineWidth>
<points>
<point x="256" y="182"/>
<point x="458" y="182"/>
<point x="458" y="133"/>
</points>
</Connector>
<Connector class="oracle.dbtools.crest.swingui.logical.TVRelation" oid="15DA7883-2C61-53D9-4151-59998D64746D" otype="Relation" vid_source="4CCC828D-1DA7-10B5-B7C0-4B2AFD026CEE" vid_target="606DA6C1-2698-5C3E-8741-558728F52207">
<hideElementsInCurrentOnly>false</hideElementsInCurrentOnly>
<backgroundColor>-16777216</backgroundColor>
<lineWidth>1</lineWidth>
<points>
<point x="1278" y="567"/>
<point x="1278" y="677"/>
<point x="1169" y="677"/>
</points>
</Connector>
<Connector class="oracle.dbtools.crest.swingui.logical.TVRelation" oid="22B73398-C980-A96B-F6BB-E4F4F108C7E5" otype="Relation" vid_source="7DE4123C-62ED-229C-FFE7-5C5E02DE75DC" vid_target="811FA0B8-1D61-E9CA-F628-775B8C1E0244">
<hideElementsInCurrentOnly>false</hideElementsInCurrentOnly>
<backgroundColor>-16777216</backgroundColor>
<lineWidth>1</lineWidth>
<points>
<point x="1269" y="77"/>
<point x="1179" y="77"/>
</points>
</Connector>
<Connector class="oracle.dbtools.crest.swingui.logical.TVRelation" oid="26A36D47-D95B-399B-B59A-C92E73B4B392" otype="Relation" vid_source="2404352C-B9CC-3BD8-40EE-CD56FD092CD5" vid_target="4914BF9D-4A75-D0CE-D9F8-0580A2B0BA81">
<hideElementsInCurrentOnly>false</hideElementsInCurrentOnly>
<backgroundColor>-16777216</backgroundColor>
<lineWidth>1</lineWidth>
<points>
<point x="914" y="504"/>
<point x="983" y="504"/>
<point x="990" y="504"/>
</points>
</Connector>
<Connector class="oracle.dbtools.crest.swingui.logical.TVRelation" oid="29087E48-7498-870D-627A-7C2E92C2E084" otype="Relation" vid_source="B541E180-6D66-C64C-F58C-DCE3A46A0C5E" vid_target="724EECA4-65E9-1BA8-9EE9-CF89D3626577">
<hideElementsInCurrentOnly>false</hideElementsInCurrentOnly>
<backgroundColor>-16777216</backgroundColor>
<lineWidth>1</lineWidth>
<points>
<point x="371" y="328"/>
<point x="368" y="537"/>
</points>
</Connector>
<Connector class="oracle.dbtools.crest.swingui.logical.TVRelation" oid="3A28992F-E211-1F10-6690-ED63C19D80F9" otype="Relation" vid_source="D3225DDE-94CB-A0B3-BFED-1464CFA82406" vid_target="A23950D5-9883-3A77-D85B-FA64A14BB352">
<hideElementsInCurrentOnly>false</hideElementsInCurrentOnly>
<backgroundColor>-16777216</backgroundColor>
<lineWidth>1</lineWidth>
<points>
<point x="129" y="467"/>
<point x="129" y="417"/>
</points>
</Connector>
<Connector class="oracle.dbtools.crest.swingui.logical.TVRelation" oid="567952BC-7101-EC3D-F610-7F98DDC14036" otype="Relation" vid_source="E9E079CB-74AA-A73B-D2F7-AC72E37131A6" vid_target="2404352C-B9CC-3BD8-40EE-CD56FD092CD5">
<hideElementsInCurrentOnly>false</hideElementsInCurrentOnly>
<backgroundColor>-16777216</backgroundColor>
<lineWidth>1</lineWidth>
<points>
<point x="1031" y="408"/>
<point x="981" y="408"/>
<point x="914" y="408"/>
</points>
</Connector>
<Connector class="oracle.dbtools.crest.swingui.logical.TVRelation" oid="571A4891-E0F3-B5B5-6683-B7C859195896" otype="Relation" vid_source="E8C8FC14-DFF3-B54F-8DBF-7865F7E2DC58" vid_target="B541E180-6D66-C64C-F58C-DCE3A46A0C5E">
<hideElementsInCurrentOnly>false</hideElementsInCurrentOnly>
<backgroundColor>-16777216</backgroundColor>
<lineWidth>1</lineWidth>
<points>
<point x="256" y="257"/>
<point x="330" y="257"/>
<point x="355" y="257"/>
</points>
</Connector>
<Connector class="oracle.dbtools.crest.swingui.logical.TVRelation" oid="589180A6-2B83-BA44-9051-432DCAB8E601" otype="Relation" vid_source="2404352C-B9CC-3BD8-40EE-CD56FD092CD5" vid_target="ACA1551C-481A-EB64-BFA4-B5D58146193C">
<hideElementsInCurrentOnly>false</hideElementsInCurrentOnly>
<backgroundColor>-16777216</backgroundColor>
<lineWidth>1</lineWidth>
<points>
<point x="787" y="371"/>
<point x="787" y="300"/>
</points>
</Connector>
<Connector class="oracle.dbtools.crest.swingui.logical.TVRelation" oid="71BEF94D-1544-3966-D4D4-F93D79732B38" otype="Relation" vid_source="1818C0ED-3CAA-3F8D-558A-10E618DE4BAD" vid_target="E9E079CB-74AA-A73B-D2F7-AC72E37131A6">
<hideElementsInCurrentOnly>false</hideElementsInCurrentOnly>
<backgroundColor>-16777216</backgroundColor>
<lineWidth>1</lineWidth>
<points>
<point x="1245" y="265"/>
<point x="1245" y="272"/>
<point x="1245" y="368"/>
</points>
</Connector>
<Connector class="oracle.dbtools.crest.swingui.logical.TVRelation" oid="8C19ED1D-7206-5BE4-4705-7690CF30D6B2" otype="Relation" vid_source="2404352C-B9CC-3BD8-40EE-CD56FD092CD5" vid_target="5703310A-DA4F-C1E8-A039-13618130CAD8">
<hideElementsInCurrentOnly>false</hideElementsInCurrentOnly>
<backgroundColor>-16777216</backgroundColor>
<lineWidth>1</lineWidth>
<points>
<point x="834" y="515"/>
<point x="834" y="711"/>
<point x="834" y="734"/>
</points>
</Connector>
<Connector class="oracle.dbtools.crest.swingui.logical.TVRelation" oid="8F5AC4CE-7230-B26E-7358-5F8888F220D6" otype="Relation" vid_source="811FA0B8-1D61-E9CA-F628-775B8C1E0244" vid_target="4B38B90B-5EB3-635E-4928-47E66C758EEF">
<hideElementsInCurrentOnly>false</hideElementsInCurrentOnly>
<backgroundColor>-16777216</backgroundColor>
<lineWidth>1</lineWidth>
<points>
<point x="1095" y="122"/>
<point x="1095" y="184"/>
</points>
</Connector>
<Connector class="oracle.dbtools.crest.swingui.logical.TVRelation" oid="B08F2867-D056-9F7E-2BF3-227253D0F072" otype="Relation" vid_source="2404352C-B9CC-3BD8-40EE-CD56FD092CD5" vid_target="E69D0ED4-3907-2EFA-61C3-62BAD80E2E15">
<hideElementsInCurrentOnly>false</hideElementsInCurrentOnly>
<backgroundColor>-16777216</backgroundColor>
<lineWidth>1</lineWidth>
<points>
<point x="754" y="515"/>
<point x="754" y="611"/>
</points>
</Connector>
<Connector class="oracle.dbtools.crest.swingui.logical.TVRelation" oid="B6CE7BA6-5D52-9009-7B4B-01064446C70E" otype="Relation" vid_source="3B95D488-2C10-D42C-4F9A-01FDBDA12A53" vid_target="E8C8FC14-DFF3-B54F-8DBF-7865F7E2DC58">
<hideElementsInCurrentOnly>false</hideElementsInCurrentOnly>
<backgroundColor>-16777216</backgroundColor>
<lineWidth>1</lineWidth>
<points>
<point x="137" y="83"/>
<point x="137" y="153"/>
</points>
</Connector>
<Connector class="oracle.dbtools.crest.swingui.logical.TVRelation" oid="D336DAC0-0A2A-554F-4882-DF5AFE9AB587" otype="Relation" vid_source="E8C8FC14-DFF3-B54F-8DBF-7865F7E2DC58" vid_target="A23950D5-9883-3A77-D85B-FA64A14BB352">
<hideElementsInCurrentOnly>false</hideElementsInCurrentOnly>
<backgroundColor>-16777216</backgroundColor>
<lineWidth>1</lineWidth>
<points>
<point x="137" y="283"/>
<point x="137" y="327"/>
</points>
</Connector>
<Connector class="oracle.dbtools.crest.swingui.logical.TVRelation" oid="DFB29CAC-40C5-AEFE-F6DA-F54060C409BC" otype="Relation" vid_source="2404352C-B9CC-3BD8-40EE-CD56FD092CD5" vid_target="606DA6C1-2698-5C3E-8741-558728F52207">
<hideElementsInCurrentOnly>false</hideElementsInCurrentOnly>
<backgroundColor>-16777216</backgroundColor>
<lineWidth>1</lineWidth>
<points>
<point x="878" y="515"/>
<point x="878" y="634"/>
<point x="918" y="634"/>
</points>
</Connector>
<Connector class="oracle.dbtools.crest.swingui.logical.TVRelation" oid="E6A772E1-27BC-95B8-A634-976CDA74670B" otype="Relation" vid_source="4B38B90B-5EB3-635E-4928-47E66C758EEF" vid_target="ACA1551C-481A-EB64-BFA4-B5D58146193C">
<hideElementsInCurrentOnly>false</hideElementsInCurrentOnly>
<backgroundColor>-16777216</backgroundColor>
<lineWidth>1</lineWidth>
<points>
<point x="1012" y="228"/>
<point x="873" y="228"/>
</points>
</Connector>
<Connector class="oracle.dbtools.crest.swingui.logical.TVRelation" oid="F9C4D83B-3978-B6A4-A0DE-42BC964E9399" otype="Relation" vid_source="EC12CD6B-5C05-70AB-5BC4-70C34C7741B5" vid_target="ACA1551C-481A-EB64-BFA4-B5D58146193C">
<hideElementsInCurrentOnly>false</hideElementsInCurrentOnly>
<backgroundColor>-16777216</backgroundColor>
<lineWidth>1</lineWidth>
<points>
<point x="757" y="93"/>
<point x="757" y="156"/>
</points>
</Connector>
<Connector class="oracle.dbtools.crest.swingui.logical.TVRelation" oid="FE5333B0-7A5E-8BFA-97F2-19E06C8CD750" otype="Relation" vid_source="34A7FAB6-A59A-2587-36D9-2CFE63872F60" vid_target="B541E180-6D66-C64C-F58C-DCE3A46A0C5E">
<hideElementsInCurrentOnly>false</hideElementsInCurrentOnly>
<backgroundColor>-16777216</backgroundColor>
<lineWidth>1</lineWidth>
<points>
<point x="493" y="411"/>
<point x="493" y="328"/>
</points>
</Connector>
</connectors>
</Diagram>
