<?xml version = '1.0' encoding = 'UTF-8'?>
<Table class="oracle.dbtools.crest.model.design.relational.Table" directorySegmentName="seg_0" id="5D248832-A1CB-4BAB-293B-923F67309B96" name="T_CFH_TIPO_COLABORADOR">
<createdBy>Eduardo</createdBy>
<createdTime>2020-06-30 21:13:38 UTC</createdTime>
<generatorID>483D1B3B-E333-C96F-BDC1-99CBAD0628D3</generatorID>
<ownerDesignName>Atividade</ownerDesignName>
<allowColumnReorder>false</allowColumnReorder>
<existDependencyGenerateInDDl>true</existDependencyGenerateInDDl>
<parsed>true</parsed>
<columns itemClass="oracle.dbtools.crest.model.design.relational.Column">
<Column name="id_tipo_colaborador" id="F166BA4E-C162-354C-5A70-DB86087999A0">
<createdBy>Eduardo</createdBy>
<createdTime>2020-06-30 21:13:38 UTC</createdTime>
<generatorID>0F80AD55-04B0-63A9-04EC-B0B44DD49313</generatorID>
<ownerDesignName>Atividade</ownerDesignName>
<useDomainConstraints>false</useDomainConstraints>
<use>1</use>
<logicalDatatype>LOGDT019</logicalDatatype>
<dataTypePrecision>1</dataTypePrecision>
<ownDataTypeParameters>,1,</ownDataTypeParameters>
<autoIncrementCycle>false</autoIncrementCycle>
</Column>
<Column name="ds_tipo_colaborador" id="39709199-D39B-A452-D55E-A2D3DE32308C">
<createdBy>Eduardo</createdBy>
<createdTime>2020-06-30 21:13:38 UTC</createdTime>
<comment><![CDATA[ADM - Administrador
USU - Usuário]]></comment>
<commentInRDBMS><![CDATA[ADM - Administrador
USU - Usuário]]></commentInRDBMS>
<generatorID>30FBB3FD-8626-62B3-D029-5BA2DCDD46A1</generatorID>
<ownerDesignName>Atividade</ownerDesignName>
<useDomainConstraints>false</useDomainConstraints>
<use>1</use>
<logicalDatatype>LOGDT025</logicalDatatype>
<dataTypeSize>3</dataTypeSize>
<ownDataTypeParameters>3,,</ownDataTypeParameters>
<autoIncrementCycle>false</autoIncrementCycle>
</Column>
</columns>
<indexes itemClass="oracle.dbtools.crest.model.design.relational.Index">
<ind_PK_UK id="E5850E13-FE05-7910-1573-0AF7A41911B4" name="T_CFH_TIPO_COLABORADOR_PK">
<createdBy>Eduardo</createdBy>
<createdTime>2020-06-30 21:13:38 UTC</createdTime>
<generatorID>5B704916-E451-DF73-868A-FC7CD2D1B466</generatorID>
<ownerDesignName>Atividade</ownerDesignName>
<pk>true</pk>
<indexState>Primary Constraint</indexState>
<isSurrogateKey>false</isSurrogateKey>
<indexColumnUsage>
<colUsage columnID="F166BA4E-C162-354C-5A70-DB86087999A0"/>
</indexColumnUsage>
</ind_PK_UK>
</indexes>
</Table>
