<?xml version = '1.0' encoding = 'UTF-8'?>
<Table class="oracle.dbtools.crest.model.design.relational.Table" directorySegmentName="seg_0" id="8BAB607A-3472-42ED-4C81-02447B98EA02" name="T_CFH_METAS">
<createdBy>Eduardo</createdBy>
<createdTime>2020-06-30 21:13:38 UTC</createdTime>
<generatorID>2C778496-9D39-2E1F-EAC9-763C099E0407</generatorID>
<ownerDesignName>Atividade</ownerDesignName>
<allowColumnReorder>false</allowColumnReorder>
<existDependencyGenerateInDDl>true</existDependencyGenerateInDDl>
<parsed>true</parsed>
<columns itemClass="oracle.dbtools.crest.model.design.relational.Column">
<Column name="id_meta" id="5F0DDBA9-97E2-A505-15D3-9BD46C047DE3">
<createdBy>Eduardo</createdBy>
<createdTime>2020-06-30 21:13:38 UTC</createdTime>
<generatorID>A0658A8D-9840-FA95-A25B-9CFCB8D8ECD7</generatorID>
<ownerDesignName>Atividade</ownerDesignName>
<useDomainConstraints>false</useDomainConstraints>
<use>1</use>
<logicalDatatype>LOGDT019</logicalDatatype>
<dataTypePrecision>5</dataTypePrecision>
<ownDataTypeParameters>,5,</ownDataTypeParameters>
<autoIncrementCycle>false</autoIncrementCycle>
</Column>
<Column name="T_CFH_COLABORADOR_id_colaborador" id="CE2A58CA-BA7E-B6A1-FC2E-58E840B13CE4">
<createdBy>Eduardo</createdBy>
<createdTime>2020-06-30 21:13:38 UTC</createdTime>
<generatorID>F8BFA22C-73D6-C499-874A-5408BB1B7D86</generatorID>
<ownerDesignName>Atividade</ownerDesignName>
<useDomainConstraints>false</useDomainConstraints>
<use>1</use>
<logicalDatatype>LOGDT019</logicalDatatype>
<dataTypePrecision>4</dataTypePrecision>
<ownDataTypeParameters>,,</ownDataTypeParameters>
<previousColumn>false</previousColumn>
<autoIncrementCycle>false</autoIncrementCycle>
<associations>
<colAssociation fkAssociation="A35CC5B9-3A11-51E8-A40B-13E1FB1D5309" referredColumn="5B3132BB-0D8C-805B-2467-3D630136262D"/>
</associations>
</Column>
<Column name="dt_inicio" id="9C890BBF-58A4-3F80-DE35-BBA3F9DCB2AF">
<createdBy>Eduardo</createdBy>
<createdTime>2020-06-30 21:13:38 UTC</createdTime>
<generatorID>25B4B82B-D65E-2EA7-5DFE-B198C1A957DD</generatorID>
<ownerDesignName>Atividade</ownerDesignName>
<useDomainConstraints>false</useDomainConstraints>
<use>1</use>
<logicalDatatype>LOGDT007</logicalDatatype>
<ownDataTypeParameters>,,</ownDataTypeParameters>
<autoIncrementCycle>false</autoIncrementCycle>
</Column>
<Column name="ds_meta" id="43C476CE-E569-38FB-A405-E5AD7A40C03C">
<createdBy>Eduardo</createdBy>
<createdTime>2020-06-30 21:13:38 UTC</createdTime>
<generatorID>9EEB9A3A-E428-C50C-A40B-C763A6CCB554</generatorID>
<ownerDesignName>Atividade</ownerDesignName>
<useDomainConstraints>false</useDomainConstraints>
<use>1</use>
<logicalDatatype>LOGDT024</logicalDatatype>
<dataTypeSize>60</dataTypeSize>
<ownDataTypeParameters>60,,</ownDataTypeParameters>
<autoIncrementCycle>false</autoIncrementCycle>
</Column>
<Column name="dt_conclusao" id="7B78B4EB-F9B1-F497-F6E2-A2D9F957CE25">
<createdBy>Eduardo</createdBy>
<createdTime>2020-06-30 21:13:38 UTC</createdTime>
<generatorID>552205FB-2BC1-D3A3-9F16-BFF8B3EA5963</generatorID>
<ownerDesignName>Atividade</ownerDesignName>
<useDomainConstraints>false</useDomainConstraints>
<use>1</use>
<logicalDatatype>LOGDT007</logicalDatatype>
<ownDataTypeParameters>,,</ownDataTypeParameters>
<autoIncrementCycle>false</autoIncrementCycle>
</Column>
</columns>
<indexes itemClass="oracle.dbtools.crest.model.design.relational.Index">
<ind_PK_UK id="CC860D32-0BF9-DBD7-F3DE-4F8F9B14F03C" name="T_CFH_METAS_PK">
<createdBy>Eduardo</createdBy>
<createdTime>2020-06-30 21:13:38 UTC</createdTime>
<generatorID>FF129866-6D3D-C8B4-B519-C9A93621F11A</generatorID>
<ownerDesignName>Atividade</ownerDesignName>
<pk>true</pk>
<indexState>Primary Constraint</indexState>
<isSurrogateKey>false</isSurrogateKey>
<indexColumnUsage>
<colUsage columnID="5F0DDBA9-97E2-A505-15D3-9BD46C047DE3"/>
<colUsage columnID="CE2A58CA-BA7E-B6A1-FC2E-58E840B13CE4"/>
</indexColumnUsage>
</ind_PK_UK>
<ind_PK_UK id="966758AD-5166-B4FF-A818-C0F377EA91ED" name="T_CFH_METAS_T_CFH_COLABORADOR_FK">
<createdBy>Eduardo</createdBy>
<createdTime>2020-06-30 21:13:38 UTC</createdTime>
<generatorID>1213508F-D4C9-A4ED-F556-799F0BC87D4B</generatorID>
<ownerDesignName>Atividade</ownerDesignName>
<indexState>Foreign Key</indexState>
<isSurrogateKey>false</isSurrogateKey>
<indexColumnUsage>
<colUsage columnID="CE2A58CA-BA7E-B6A1-FC2E-58E840B13CE4"/>
</indexColumnUsage>
</ind_PK_UK>
</indexes>
</Table>
