<?xml version = '1.0' encoding = 'UTF-8'?>
<Table class="oracle.dbtools.crest.model.design.relational.Table" directorySegmentName="seg_0" id="8D6EEDA4-086F-B8D3-1D39-30B0B6857F26" name="T_CFH_TIPO_PROJETO">
<createdBy>Eduardo</createdBy>
<createdTime>2020-06-30 21:13:38 UTC</createdTime>
<generatorID>246BA18F-CC08-CF38-1204-9C875A1B53F1</generatorID>
<ownerDesignName>Atividade</ownerDesignName>
<allowColumnReorder>false</allowColumnReorder>
<existDependencyGenerateInDDl>true</existDependencyGenerateInDDl>
<parsed>true</parsed>
<columns itemClass="oracle.dbtools.crest.model.design.relational.Column">
<Column name="id_tipo_projeto" id="DD0965B0-CBA1-1950-4D5F-B536DC672EDA">
<createdBy>Eduardo</createdBy>
<createdTime>2020-06-30 21:13:38 UTC</createdTime>
<generatorID>0F546FEF-F825-8530-F0D6-91A1BA9A6E67</generatorID>
<ownerDesignName>Atividade</ownerDesignName>
<useDomainConstraints>false</useDomainConstraints>
<use>1</use>
<logicalDatatype>LOGDT019</logicalDatatype>
<dataTypePrecision>3</dataTypePrecision>
<ownDataTypeParameters>,3,</ownDataTypeParameters>
<autoIncrementCycle>false</autoIncrementCycle>
</Column>
<Column name="ds_tipo_projeto" id="5A8FF9A1-3165-4040-12CE-1B8F1FC3E613">
<createdBy>Eduardo</createdBy>
<createdTime>2020-06-30 21:13:38 UTC</createdTime>
<generatorID>93379C78-11E7-1B61-110F-E971A476617A</generatorID>
<ownerDesignName>Atividade</ownerDesignName>
<useDomainConstraints>false</useDomainConstraints>
<use>1</use>
<logicalDatatype>LOGDT024</logicalDatatype>
<dataTypeSize>20</dataTypeSize>
<ownDataTypeParameters>20,,</ownDataTypeParameters>
<autoIncrementCycle>false</autoIncrementCycle>
</Column>
</columns>
<indexes itemClass="oracle.dbtools.crest.model.design.relational.Index">
<ind_PK_UK id="694B64BA-37A4-18E3-E1AF-45F0712A94C0" name="T_CFH_TIPO_PROJETO_PK">
<createdBy>Eduardo</createdBy>
<createdTime>2020-06-30 21:13:38 UTC</createdTime>
<generatorID>92310713-7CAD-9EAD-3FAC-A036FBC058B9</generatorID>
<ownerDesignName>Atividade</ownerDesignName>
<pk>true</pk>
<indexState>Primary Constraint</indexState>
<isSurrogateKey>false</isSurrogateKey>
<indexColumnUsage>
<colUsage columnID="DD0965B0-CBA1-1950-4D5F-B536DC672EDA"/>
</indexColumnUsage>
</ind_PK_UK>
</indexes>
</Table>
