<?xml version = '1.0' encoding = 'UTF-8'?>
<Table class="oracle.dbtools.crest.model.design.relational.Table" directorySegmentName="seg_0" id="8EF75564-10A2-879D-3677-3AA92255CF47" name="T_CFH_COLABORADOR">
<createdBy>Eduardo</createdBy>
<createdTime>2020-06-30 21:13:38 UTC</createdTime>
<comment><![CDATA[Os voluntário são aqueles que prestam algum tipo de seviço a ONG. Podem ter acesso ou não ao sistema.]]></comment>
<commentInRDBMS><![CDATA[Os voluntário são aqueles que prestam algum tipo de seviço a ONG. Podem ter acesso ou não ao sistema.]]></commentInRDBMS>
<generatorID>F57B3C0C-02C2-DE50-C187-C22EAA735587</generatorID>
<notes><![CDATA[CFH - Coding For Hope.]]></notes>
<ownerDesignName>Atividade</ownerDesignName>
<allowColumnReorder>false</allowColumnReorder>
<existDependencyGenerateInDDl>true</existDependencyGenerateInDDl>
<parsed>true</parsed>
<columns itemClass="oracle.dbtools.crest.model.design.relational.Column">
<Column name="id_colaborador" id="5B3132BB-0D8C-805B-2467-3D630136262D">
<createdBy>Eduardo</createdBy>
<createdTime>2020-06-30 21:13:38 UTC</createdTime>
<generatorID>F973D6E9-BE0E-7042-A954-583BB0E92143</generatorID>
<ownerDesignName>Atividade</ownerDesignName>
<useDomainConstraints>false</useDomainConstraints>
<use>1</use>
<logicalDatatype>LOGDT019</logicalDatatype>
<dataTypePrecision>4</dataTypePrecision>
<ownDataTypeParameters>,4,</ownDataTypeParameters>
<autoIncrementCycle>false</autoIncrementCycle>
</Column>
<Column name="T_CFH_TIPO_COLABORADOR_id_tipo_colaborador" id="DA39EE40-CD75-ED5C-DE03-2AC5E8AF76CE">
<createdBy>Eduardo</createdBy>
<createdTime>2020-06-30 21:13:38 UTC</createdTime>
<generatorID>1EAC4E5D-723C-16BD-DE06-D4614F8A7FAE</generatorID>
<ownerDesignName>Atividade</ownerDesignName>
<useDomainConstraints>false</useDomainConstraints>
<use>1</use>
<logicalDatatype>LOGDT019</logicalDatatype>
<dataTypePrecision>1</dataTypePrecision>
<ownDataTypeParameters>,,</ownDataTypeParameters>
<previousColumn>false</previousColumn>
<autoIncrementCycle>false</autoIncrementCycle>
<associations>
<colAssociation fkAssociation="007744BB-F0B2-884A-A738-B5912F562FB6" referredColumn="F166BA4E-C162-354C-5A70-DB86087999A0"/>
</associations>
</Column>
<Column name="nm_colaborador" id="30D9D10E-C7D6-F3C5-5172-4FC9AFFE4AB2">
<createdBy>Eduardo</createdBy>
<createdTime>2020-06-30 21:13:38 UTC</createdTime>
<generatorID>DAD44E8E-4FE1-413A-BBDB-01E854B3DD62</generatorID>
<ownerDesignName>Atividade</ownerDesignName>
<useDomainConstraints>false</useDomainConstraints>
<use>1</use>
<logicalDatatype>LOGDT024</logicalDatatype>
<dataTypeSize>30</dataTypeSize>
<ownDataTypeParameters>30,,</ownDataTypeParameters>
<autoIncrementCycle>false</autoIncrementCycle>
</Column>
<Column name="dt_nascimento" id="C36F3689-F59D-EBD1-F78F-E3AB7F1B18A1">
<createdBy>Eduardo</createdBy>
<createdTime>2020-06-30 21:13:38 UTC</createdTime>
<generatorID>BF5E2C29-6AAE-6893-6321-6EC9B45CF6A3</generatorID>
<ownerDesignName>Atividade</ownerDesignName>
<useDomainConstraints>false</useDomainConstraints>
<use>1</use>
<logicalDatatype>LOGDT007</logicalDatatype>
<ownDataTypeParameters>,,</ownDataTypeParameters>
<autoIncrementCycle>false</autoIncrementCycle>
</Column>
<Column name="ds_email" id="2262612A-262F-55C7-A8EC-A7F87FE0A053">
<createdBy>Eduardo</createdBy>
<createdTime>2020-06-30 21:13:38 UTC</createdTime>
<generatorID>258B8032-87A0-901E-6089-FB637FD1E52D</generatorID>
<ownerDesignName>Atividade</ownerDesignName>
<useDomainConstraints>false</useDomainConstraints>
<use>1</use>
<logicalDatatype>LOGDT024</logicalDatatype>
<dataTypeSize>30</dataTypeSize>
<ownDataTypeParameters>30,,</ownDataTypeParameters>
<autoIncrementCycle>false</autoIncrementCycle>
</Column>
<Column name="ds_senha" id="F4DD6B6E-ED67-D99C-CCD0-9968C34813A2">
<createdBy>Eduardo</createdBy>
<createdTime>2020-06-30 21:13:38 UTC</createdTime>
<generatorID>CC4DB156-8A73-F970-2A71-B20E588ED163</generatorID>
<ownerDesignName>Atividade</ownerDesignName>
<useDomainConstraints>false</useDomainConstraints>
<use>1</use>
<logicalDatatype>LOGDT024</logicalDatatype>
<dataTypeSize>10</dataTypeSize>
<ownDataTypeParameters>10,,</ownDataTypeParameters>
<autoIncrementCycle>false</autoIncrementCycle>
</Column>
</columns>
<indexes itemClass="oracle.dbtools.crest.model.design.relational.Index">
<ind_PK_UK id="8D4598B4-D79F-2F2C-42D8-3AB9989B97A8" name="T_CFH_COLABORADOR_PK">
<createdBy>Eduardo</createdBy>
<createdTime>2020-06-30 21:13:38 UTC</createdTime>
<generatorID>2BF52570-BDF1-CD9F-D45E-A2087869F81C</generatorID>
<ownerDesignName>Atividade</ownerDesignName>
<pk>true</pk>
<indexState>Primary Constraint</indexState>
<isSurrogateKey>false</isSurrogateKey>
<indexColumnUsage>
<colUsage columnID="5B3132BB-0D8C-805B-2467-3D630136262D"/>
</indexColumnUsage>
</ind_PK_UK>
<ind_PK_UK id="15FBEA1F-B2DD-F77E-4018-F04A7B71D2A1" name="T_CFH_COLABORADOR__IDX">
<createdBy>Eduardo</createdBy>
<createdTime>2020-06-30 21:13:38 UTC</createdTime>
<ownerDesignName>Atividade</ownerDesignName>
<indexState>Unique Plain Index</indexState>
<isSurrogateKey>false</isSurrogateKey>
<relationGeneratorID>B6CE7BA6-5D52-9009-7B4B-01064446C70E</relationGeneratorID>
<indexColumnUsage>
<colUsage columnID="DA39EE40-CD75-ED5C-DE03-2AC5E8AF76CE"/>
</indexColumnUsage>
</ind_PK_UK>
<ind_PK_UK id="E08A2E4C-B844-84F3-E06F-364BFB685A2F" name="T_CFH_COLABORADOR_T_CFH_TIPO_COLABORADOR_FK">
<createdBy>Eduardo</createdBy>
<createdTime>2020-06-30 21:13:38 UTC</createdTime>
<generatorID>B6CE7BA6-5D52-9009-7B4B-01064446C70E</generatorID>
<ownerDesignName>Atividade</ownerDesignName>
<indexState>Foreign Key</indexState>
<isSurrogateKey>false</isSurrogateKey>
<indexColumnUsage>
<colUsage columnID="DA39EE40-CD75-ED5C-DE03-2AC5E8AF76CE"/>
</indexColumnUsage>
</ind_PK_UK>
</indexes>
</Table>
