<?xml version = '1.0' encoding = 'UTF-8'?>
<Table class="oracle.dbtools.crest.model.design.relational.Table" directorySegmentName="seg_0" id="C1DA8A20-DBE8-9471-F320-B9A943F31B67" name="T_CFH_CIDADE">
<createdBy>Eduardo</createdBy>
<createdTime>2020-06-30 21:13:38 UTC</createdTime>
<generatorID>3477B78B-A074-5869-51A6-C60047C78FB7</generatorID>
<ownerDesignName>Atividade</ownerDesignName>
<allowColumnReorder>false</allowColumnReorder>
<existDependencyGenerateInDDl>true</existDependencyGenerateInDDl>
<parsed>true</parsed>
<columns itemClass="oracle.dbtools.crest.model.design.relational.Column">
<Column name="id_cidade" id="084FB91B-296D-AE8B-E10F-C1CB36A90AB2">
<createdBy>Eduardo</createdBy>
<createdTime>2020-06-30 21:13:38 UTC</createdTime>
<generatorID>D8DE70A2-CBD8-5D15-C415-85B851E2B3D0</generatorID>
<ownerDesignName>Atividade</ownerDesignName>
<useDomainConstraints>false</useDomainConstraints>
<use>1</use>
<logicalDatatype>LOGDT019</logicalDatatype>
<dataTypePrecision>4</dataTypePrecision>
<ownDataTypeParameters>,4,</ownDataTypeParameters>
<autoIncrementCycle>false</autoIncrementCycle>
</Column>
<Column name="T_CFH_ESTADO_id_estado" id="102F1401-8E50-72F4-5039-D2A758F408EC">
<createdBy>Eduardo</createdBy>
<createdTime>2020-06-30 21:13:38 UTC</createdTime>
<generatorID>863A31B1-0A46-029F-0F01-4C2B27595854</generatorID>
<ownerDesignName>Atividade</ownerDesignName>
<useDomainConstraints>false</useDomainConstraints>
<use>1</use>
<logicalDatatype>LOGDT019</logicalDatatype>
<dataTypePrecision>2</dataTypePrecision>
<ownDataTypeParameters>,,</ownDataTypeParameters>
<previousColumn>false</previousColumn>
<autoIncrementCycle>false</autoIncrementCycle>
<associations>
<colAssociation fkAssociation="20DE5F02-6855-C7A1-CE7D-08877BB9C6F1" referredColumn="510DE999-5250-3BCC-F944-2DA3E4573DA6"/>
</associations>
</Column>
<Column name="ds_cidade" id="5EA1596F-E0CC-DB30-3722-363BF3FFDB1C">
<createdBy>Eduardo</createdBy>
<createdTime>2020-06-30 21:13:38 UTC</createdTime>
<generatorID>0E8959B5-8E99-DAC3-79C8-2EA6B6EACF16</generatorID>
<ownerDesignName>Atividade</ownerDesignName>
<useDomainConstraints>false</useDomainConstraints>
<use>1</use>
<logicalDatatype>LOGDT024</logicalDatatype>
<dataTypeSize>20</dataTypeSize>
<ownDataTypeParameters>20,,</ownDataTypeParameters>
<autoIncrementCycle>false</autoIncrementCycle>
</Column>
</columns>
<indexes itemClass="oracle.dbtools.crest.model.design.relational.Index">
<ind_PK_UK id="340A077F-722D-38CA-ECA8-DEA4917B051B" name="T_CFH_CIDADE_PK">
<createdBy>Eduardo</createdBy>
<createdTime>2020-06-30 21:13:38 UTC</createdTime>
<generatorID>7D41185C-E399-C26B-9047-F2C1270D9593</generatorID>
<ownerDesignName>Atividade</ownerDesignName>
<pk>true</pk>
<indexState>Primary Constraint</indexState>
<isSurrogateKey>false</isSurrogateKey>
<indexColumnUsage>
<colUsage columnID="084FB91B-296D-AE8B-E10F-C1CB36A90AB2"/>
</indexColumnUsage>
</ind_PK_UK>
<ind_PK_UK id="B9F8BBA8-171A-5692-D728-7A993284DA23" name="T_CFH_CIDADE_T_CFH_ESTADO_FK">
<createdBy>Eduardo</createdBy>
<createdTime>2020-06-30 21:13:38 UTC</createdTime>
<generatorID>22B73398-C980-A96B-F6BB-E4F4F108C7E5</generatorID>
<ownerDesignName>Atividade</ownerDesignName>
<indexState>Foreign Key</indexState>
<isSurrogateKey>false</isSurrogateKey>
<indexColumnUsage>
<colUsage columnID="102F1401-8E50-72F4-5039-D2A758F408EC"/>
</indexColumnUsage>
</ind_PK_UK>
</indexes>
</Table>
