<?xml version = '1.0' encoding = 'UTF-8'?>
<relationalModel class="oracle.dbtools.crest.model.design.relational.RelationalDesign" name="Relational_1" id="415BD0C9-8BE5-DD81-56D9-9C74AECF3D01" mainViewID="AB5ED039-3BE2-B5B2-D3F2-4EE94F730978">
<createdBy>Eduardo</createdBy>
<createdTime>2020-06-19 12:30:31 UTC</createdTime>
<ownerDesignName>Cap11Atividade</ownerDesignName>
<shouldBeOpen>true</shouldBeOpen>
<selectedRDBMSSite>32076570-2523-435C-2E92-BF29817DFF70</selectedRDBMSSite>
</relationalModel>
